{"type":"FeatureCollection","features":[{"type":"Feature","properties":{"name":"Morning Run","source":"Strava GPX","point_count":8856,"start_time":"2026-05-03T13:37:36Z","end_time":"2026-05-03T16:05:14Z"},"geometry":{"type":"LineString","coordinates":[[-117.877992,33.618135],[-117.877966,33.618168],[-117.877955,33.618182],[-117.877944,33.618197],[-117.877933,33.618211],[-117.877907,33.618245],[-117.877897,33.618259],[-117.877887,33.618272],[-117.877864,33.618301],[-117.877856,33.61831],[-117.877827,33.61834],[-117.877815,33.618352],[-117.877803,33.618363],[-117.877776,33.618387],[-117.877767,33.618395],[-117.877735,33.618422],[-117.877721,33.618433],[-117.877706,33.618445],[-117.877692,33.618456],[-117.877678,33.618467],[-117.877648,33.618491],[-117.877636,33.6185],[-117.877624,33.61851],[-117.877597,33.618534],[-117.877588,33.618542],[-117.87756,33.618568],[-117.877549,33.618578],[-117.877538,33.618588],[-117.87751,33.618612],[-117.877497,33.618622],[-117.877485,33.618631],[-117.877457,33.618652],[-117.877447,33.618659],[-117.877414,33.618684],[-117.8774,33.618694],[-117.877386,33.618704],[-117.877358,33.618724],[-117.877348,33.61873],[-117.877318,33.61875],[-117.877306,33.618759],[-117.877294,33.618767],[-117.877268,33.618784],[-117.87726,33.618789],[-117.87723,33.618808],[-117.877218,33.618816],[-117.877205,33.618823],[-117.877171,33.618841],[-117.877157,33.618848],[-117.877143,33.618855],[-117.87711,33.618869],[-117.877099,33.618874],[-117.877059,33.618893],[-117.877042,33.618901],[-117.877026,33.618909],[-117.876981,33.618927],[-117.876965,33.618932],[-117.876914,33.618949],[-117.876895,33.618955],[-117.876875,33.618962],[-117.876831,33.61898],[-117.876816,33.618985],[-117.876767,33.619002],[-117.876748,33.619009],[-117.876728,33.619015],[-117.876685,33.619028],[-117.876671,33.619032],[-117.876626,33.619046],[-117.876609,33.619051],[-117.876592,33.619056],[-117.876549,33.61907],[-117.876532,33.619076],[-117.876514,33.619082],[-117.876477,33.619098],[-117.876464,33.619102],[-117.876421,33.619116],[-117.876402,33.61912],[-117.876384,33.619125],[-117.87634,33.619134],[-117.876325,33.619137],[-117.876276,33.619147],[-117.876258,33.61915],[-117.876239,33.619153],[-117.876199,33.619159],[-117.876185,33.619161],[-117.87614,33.619167],[-117.876121,33.619168],[-117.876103,33.61917],[-117.876058,33.619175],[-117.87604,33.619177],[-117.876022,33.619179],[-117.875982,33.619185],[-117.875968,33.619186],[-117.875922,33.61919],[-117.875905,33.619191],[-117.875887,33.619192],[-117.875848,33.619193],[-117.875835,33.619192],[-117.875793,33.619193],[-117.875775,33.619194],[-117.875758,33.619195],[-117.875719,33.6192],[-117.875706,33.619201],[-117.875661,33.619206],[-117.875642,33.619207],[-117.875624,33.619209],[-117.875585,33.619214],[-117.875572,33.619215],[-117.875527,33.619217],[-117.875509,33.619218],[-117.875491,33.619218],[-117.875445,33.619217],[-117.875426,33.619217],[-117.875408,33.619216],[-117.875366,33.619215],[-117.875352,33.619214],[-117.87531,33.619211],[-117.875295,33.61921],[-117.875279,33.619209],[-117.875245,33.619209],[-117.875234,33.619209],[-117.875197,33.619208],[-117.875182,33.619208],[-117.875167,33.619207],[-117.875142,33.619205],[-117.875118,33.619203],[-117.875074,33.619198],[-117.875057,33.619197],[-117.875039,33.619195],[-117.874995,33.619186],[-117.874978,33.619182],[-117.87496,33.619178],[-117.87492,33.619169],[-117.874907,33.619166],[-117.874864,33.619156],[-117.874848,33.619153],[-117.874831,33.619149],[-117.874793,33.61914],[-117.874781,33.619137],[-117.874739,33.619127],[-117.874722,33.619123],[-117.874705,33.619119],[-117.874665,33.619108],[-117.874652,33.619104],[-117.87461,33.619091],[-117.874593,33.619086],[-117.874577,33.619081],[-117.87454,33.619068],[-117.874529,33.619063],[-117.874507,33.619054],[-117.874486,33.619045],[-117.874464,33.619035],[-117.874425,33.619017],[-117.874409,33.619011],[-117.874394,33.619004],[-117.87436,33.618992],[-117.874349,33.618988],[-117.874312,33.618973],[-117.874297,33.618967],[-117.874282,33.61896],[-117.87425,33.618943],[-117.87424,33.618937],[-117.874206,33.61892],[-117.874193,33.618912],[-117.874179,33.618905],[-117.87415,33.618889],[-117.87414,33.618883],[-117.874105,33.618867],[-117.874091,33.618862],[-117.874076,33.618856],[-117.874038,33.618843],[-117.874023,33.618838],[-117.874008,33.618833],[-117.873975,33.618822],[-117.873964,33.618818],[-117.873926,33.618804],[-117.87391,33.618797],[-117.873894,33.618791],[-117.873858,33.618774],[-117.873847,33.618768],[-117.873811,33.618748],[-117.873798,33.618739],[-117.873784,33.618731],[-117.873754,33.618711],[-117.873744,33.618704],[-117.873711,33.618681],[-117.873699,33.618671],[-117.873686,33.618662],[-117.873656,33.61864],[-117.873647,33.618633],[-117.873617,33.618609],[-117.873604,33.6186],[-117.873592,33.61859],[-117.873562,33.618565],[-117.87355,33.618556],[-117.873538,33.618546],[-117.873509,33.618525],[-117.873499,33.618517],[-117.873467,33.618491],[-117.873454,33.618481],[-117.873442,33.61847],[-117.873413,33.618447],[-117.873403,33.618439],[-117.873369,33.618412],[-117.873356,33.6184],[-117.873342,33.618389],[-117.873311,33.618363],[-117.873302,33.618353],[-117.873269,33.618323],[-117.873255,33.61831],[-117.873242,33.618298],[-117.873213,33.618273],[-117.873204,33.618264],[-117.873173,33.618234],[-117.87316,33.618221],[-117.873147,33.618209],[-117.873115,33.618177],[-117.873102,33.618164],[-117.87309,33.618151],[-117.873064,33.618123],[-117.873056,33.618114],[-117.873027,33.618085],[-117.873015,33.618073],[-117.873003,33.618061],[-117.872976,33.618033],[-117.872967,33.618024],[-117.872939,33.617993],[-117.872927,33.617981],[-117.872916,33.617969],[-117.872894,33.617942],[-117.872887,33.617932],[-117.872864,33.6179],[-117.872854,33.617886],[-117.872845,33.617873],[-117.872826,33.617839],[-117.872818,33.617825],[-117.872811,33.617811],[-117.872795,33.617776],[-117.87279,33.617764],[-117.872775,33.617723],[-117.872769,33.617707],[-117.872763,33.617691],[-117.872748,33.617657],[-117.872744,33.617645],[-117.872727,33.617608],[-117.872719,33.617592],[-117.872712,33.617577],[-117.872695,33.617543],[-117.87269,33.617532],[-117.872674,33.617494],[-117.872667,33.617479],[-117.872661,33.617464],[-117.872646,33.61743],[-117.872641,33.617418],[-117.872622,33.61738],[-117.872616,33.617365],[-117.872609,33.61735],[-117.872595,33.617313],[-117.872589,33.617298],[-117.872584,33.617283],[-117.872573,33.617249],[-117.87257,33.617238],[-117.872557,33.6172],[-117.872552,33.617185],[-117.872546,33.61717],[-117.872535,33.617136],[-117.872532,33.617124],[-117.872522,33.617084],[-117.872519,33.617067],[-117.872515,33.61705],[-117.872507,33.617013],[-117.872505,33.617001],[-117.872498,33.616962],[-117.872496,33.616947],[-117.872494,33.616932],[-117.872489,33.616893],[-117.872487,33.616878],[-117.872484,33.616862],[-117.872475,33.616826],[-117.872472,33.616814],[-117.872463,33.616773],[-117.872461,33.616758],[-117.872458,33.616742],[-117.872455,33.616706],[-117.872455,33.616694],[-117.872454,33.616655],[-117.872454,33.61664],[-117.872453,33.616625],[-117.872446,33.616591],[-117.872444,33.61658],[-117.872438,33.616542],[-117.872436,33.616526],[-117.872434,33.616511],[-117.872431,33.616476],[-117.87243,33.616464],[-117.872426,33.616424],[-117.872425,33.616408],[-117.872423,33.616391],[-117.872418,33.616351],[-117.872416,33.616336],[-117.872414,33.61632],[-117.872411,33.616284],[-117.87241,33.616272],[-117.872405,33.616232],[-117.872403,33.616217],[-117.8724,33.616201],[-117.872393,33.616167],[-117.872391,33.616155],[-117.872385,33.616117],[-117.872384,33.616102],[-117.872382,33.616087],[-117.87238,33.616052],[-117.87238,33.616041],[-117.872378,33.616002],[-117.872377,33.615985],[-117.872376,33.615969],[-117.872373,33.615931],[-117.872372,33.615916],[-117.872371,33.615902],[-117.872371,33.615872],[-117.872371,33.615861],[-117.87237,33.615827],[-117.872369,33.615814],[-117.872369,33.6158],[-117.872367,33.615769],[-117.872367,33.615758],[-117.872367,33.61572],[-117.872368,33.615706],[-117.872369,33.615691],[-117.872375,33.615659],[-117.872378,33.615648],[-117.872386,33.615617],[-117.872388,33.615605],[-117.87239,33.615593],[-117.872395,33.615568],[-117.872398,33.615559],[-117.872409,33.615541],[-117.872414,33.615537],[-117.872418,33.615533],[-117.872413,33.615531],[-117.872406,33.615528],[-117.872399,33.615526],[-117.872392,33.615523],[-117.872386,33.615521],[-117.872379,33.615518],[-117.872372,33.615516],[-117.872365,33.615513],[-117.872358,33.615511],[-117.872351,33.615508],[-117.872344,33.615506],[-117.872337,33.615503],[-117.87233,33.615501],[-117.872324,33.615498],[-117.872317,33.615496],[-117.87231,33.615493],[-117.872303,33.615491],[-117.872296,33.615488],[-117.872255,33.615474],[-117.872239,33.61547],[-117.872222,33.615465],[-117.872181,33.615458],[-117.872168,33.615456],[-117.872124,33.615447],[-117.872105,33.615443],[-117.872087,33.615439],[-117.872044,33.615431],[-117.87203,33.615428],[-117.871981,33.615418],[-117.871961,33.615414],[-117.871942,33.61541],[-117.8719,33.615403],[-117.871886,33.6154],[-117.871839,33.615393],[-117.871821,33.61539],[-117.871802,33.615387],[-117.87176,33.615382],[-117.871746,33.61538],[-117.871701,33.615374],[-117.871684,33.615372],[-117.871666,33.615369],[-117.871624,33.615362],[-117.871608,33.61536],[-117.871591,33.615357],[-117.871552,33.615349],[-117.871539,33.615345],[-117.871496,33.615328],[-117.871478,33.615319],[-117.871461,33.615311],[-117.871422,33.615296],[-117.871409,33.615292],[-117.871362,33.615278],[-117.871342,33.615273],[-117.871323,33.615268],[-117.87128,33.615255],[-117.871266,33.61525],[-117.871222,33.615232],[-117.871204,33.615225],[-117.871187,33.615217],[-117.871145,33.615197],[-117.871129,33.615188],[-117.871113,33.61518],[-117.871079,33.615163],[-117.871068,33.615158],[-117.871029,33.615142],[-117.871013,33.615136],[-117.870997,33.615129],[-117.87096,33.615114],[-117.870948,33.615109],[-117.870906,33.61509],[-117.870889,33.615082],[-117.870872,33.615074],[-117.870836,33.615057],[-117.870824,33.615051],[-117.870782,33.615033],[-117.870766,33.615026],[-117.870749,33.615018],[-117.870713,33.615],[-117.870702,33.614993],[-117.870665,33.614969],[-117.87065,33.614958],[-117.870635,33.614948],[-117.870598,33.614924],[-117.870583,33.614914],[-117.870568,33.614905],[-117.870535,33.614885],[-117.870525,33.614878],[-117.87049,33.614855],[-117.870477,33.614845],[-117.870463,33.614836],[-117.870432,33.614816],[-117.870421,33.614809],[-117.870382,33.61479],[-117.870366,33.614782],[-117.87035,33.614775],[-117.870312,33.614757],[-117.8703,33.61475],[-117.870261,33.614728],[-117.870246,33.61472],[-117.870231,33.614711],[-117.870193,33.614687],[-117.870177,33.614678],[-117.870162,33.614668],[-117.870131,33.614645],[-117.870121,33.614637],[-117.870086,33.614613],[-117.870073,33.614603],[-117.870059,33.614594],[-117.870029,33.614575],[-117.870019,33.614569],[-117.869985,33.614548],[-117.869972,33.61454],[-117.869958,33.614531],[-117.869927,33.614513],[-117.869916,33.614506],[-117.86988,33.614485],[-117.869866,33.614476],[-117.869851,33.614467],[-117.869817,33.614446],[-117.869805,33.614438],[-117.869764,33.614416],[-117.869748,33.614408],[-117.869731,33.6144],[-117.869692,33.614382],[-117.869677,33.614374],[-117.869662,33.614367],[-117.869627,33.614349],[-117.869616,33.614343],[-117.869576,33.614324],[-117.869559,33.614317],[-117.869543,33.61431],[-117.869507,33.614295],[-117.869495,33.61429],[-117.869453,33.614276],[-117.869436,33.61427],[-117.86942,33.614265],[-117.869382,33.614253],[-117.86937,33.614248],[-117.869328,33.614233],[-117.869312,33.614228],[-117.869295,33.614222],[-117.86926,33.614214],[-117.869249,33.614211],[-117.869206,33.614201],[-117.869189,33.614197],[-117.869171,33.614192],[-117.86913,33.614181],[-117.869113,33.614176],[-117.869097,33.614172],[-117.869061,33.614164],[-117.86905,33.614162],[-117.869016,33.61416],[-117.869002,33.614161],[-117.868989,33.614162],[-117.868959,33.614173],[-117.868948,33.614177],[-117.868917,33.614202],[-117.868906,33.614213],[-117.868895,33.614225],[-117.868878,33.614257],[-117.868873,33.614267],[-117.868855,33.614302],[-117.868847,33.614317],[-117.868839,33.614331],[-117.868819,33.614368],[-117.868811,33.614382],[-117.868803,33.614397],[-117.868785,33.61443],[-117.868778,33.61444],[-117.868757,33.614471],[-117.868748,33.614484],[-117.86874,33.614496],[-117.86872,33.614526],[-117.868713,33.614535],[-117.868692,33.614569],[-117.868685,33.614582],[-117.868677,33.614596],[-117.868662,33.614628],[-117.868656,33.614638],[-117.868638,33.614674],[-117.868631,33.614687],[-117.868623,33.614701],[-117.868605,33.614733],[-117.868599,33.614743],[-117.86858,33.614781],[-117.868573,33.614797],[-117.868565,33.614812],[-117.868541,33.614849],[-117.868531,33.614864],[-117.868521,33.614878],[-117.868497,33.61491],[-117.868489,33.61492],[-117.868462,33.614955],[-117.868452,33.61497],[-117.868441,33.614984],[-117.868417,33.615017],[-117.868409,33.615027],[-117.868383,33.61506],[-117.868374,33.615072],[-117.868364,33.615085],[-117.868343,33.615113],[-117.868335,33.615123],[-117.868313,33.615157],[-117.868303,33.615171],[-117.868294,33.615185],[-117.868267,33.615214],[-117.868255,33.615225],[-117.868243,33.615236],[-117.868215,33.615262],[-117.868205,33.615271],[-117.868177,33.615301],[-117.868166,33.615313],[-117.868155,33.615325],[-117.868129,33.61535],[-117.86812,33.615358],[-117.868089,33.615384],[-117.868076,33.615395],[-117.868064,33.615406],[-117.868037,33.61543],[-117.868028,33.615438],[-117.867995,33.61546],[-117.867981,33.615468],[-117.867967,33.615475],[-117.867931,33.61548],[-117.867919,33.615479],[-117.867873,33.615466],[-117.867855,33.615457],[-117.867836,33.615449],[-117.867795,33.615422],[-117.867779,33.61541],[-117.867764,33.615399],[-117.867735,33.615374],[-117.867726,33.615365],[-117.867695,33.615335],[-117.867684,33.615324],[-117.867672,33.615312],[-117.867646,33.615286],[-117.867637,33.615277],[-117.867607,33.615248],[-117.867594,33.615238],[-117.867582,33.615227],[-117.867553,33.615205],[-117.867544,33.615197],[-117.867516,33.615171],[-117.867507,33.615159],[-117.867497,33.615148],[-117.867476,33.615117],[-117.867469,33.615104],[-117.867461,33.615092],[-117.86744,33.615068],[-117.867433,33.61506],[-117.867405,33.615032],[-117.867393,33.61502],[-117.867382,33.615009],[-117.867359,33.614984],[-117.867352,33.614976],[-117.867328,33.614946],[-117.867318,33.614935],[-117.867308,33.614923],[-117.867285,33.614899],[-117.867278,33.61489],[-117.867254,33.614862],[-117.867245,33.61485],[-117.867235,33.614838],[-117.867216,33.614809],[-117.867211,33.614799],[-117.867196,33.614765],[-117.867191,33.614751],[-117.867186,33.614737],[-117.867183,33.614699],[-117.867184,33.614683],[-117.867185,33.614668],[-117.867199,33.614634],[-117.867205,33.614623],[-117.867229,33.614588],[-117.86724,33.614576],[-117.86725,33.614563],[-117.867277,33.614537],[-117.867286,33.614528],[-117.867318,33.614497],[-117.86733,33.614485],[-117.867343,33.614473],[-117.867373,33.614446],[-117.867382,33.614437],[-117.867416,33.614408],[-117.867431,33.614396],[-117.867445,33.614385],[-117.867482,33.614359],[-117.867496,33.61435],[-117.867511,33.61434],[-117.867545,33.614318],[-117.867556,33.614311],[-117.867593,33.614289],[-117.867607,33.61428],[-117.867621,33.614271],[-117.867653,33.61425],[-117.867663,33.614243],[-117.867701,33.614218],[-117.867716,33.614207],[-117.867731,33.614197],[-117.86776,33.614173],[-117.867769,33.614164],[-117.867797,33.614138],[-117.867809,33.614129],[-117.867821,33.614119],[-117.86785,33.6141],[-117.867859,33.614093],[-117.867893,33.614067],[-117.867906,33.614055],[-117.86792,33.614044],[-117.867955,33.614016],[-117.867968,33.614006],[-117.867982,33.613995],[-117.868012,33.613972],[-117.868022,33.613964],[-117.868055,33.61394],[-117.868068,33.613929],[-117.868081,33.613919],[-117.86811,33.613895],[-117.868119,33.613886],[-117.86815,33.613858],[-117.868162,33.613846],[-117.868174,33.613835],[-117.8682,33.61381],[-117.868209,33.613801],[-117.868239,33.613772],[-117.868251,33.613761],[-117.868263,33.61375],[-117.86829,33.613722],[-117.868301,33.613711],[-117.868311,33.6137],[-117.868336,33.613677],[-117.868345,33.613669],[-117.868375,33.613642],[-117.868387,33.613631],[-117.868398,33.613619],[-117.868421,33.613591],[-117.868428,33.613581],[-117.86846,33.613549],[-117.868473,33.613537],[-117.868487,33.613524],[-117.86852,33.613496],[-117.86853,33.613486],[-117.868562,33.61345],[-117.868575,33.613436],[-117.868588,33.613421],[-117.868617,33.613391],[-117.868626,33.613381],[-117.868657,33.613348],[-117.868668,33.613334],[-117.86868,33.613321],[-117.868708,33.613288],[-117.86872,33.613275],[-117.868731,33.613262],[-117.868754,33.613232],[-117.86876,33.613221],[-117.868783,33.613184],[-117.868793,33.61317],[-117.868803,33.613155],[-117.868832,33.613123],[-117.868842,33.613113],[-117.868873,33.613082],[-117.868885,33.613069],[-117.868897,33.613057],[-117.868924,33.613027],[-117.868934,33.613016],[-117.868943,33.613005],[-117.868953,33.612994],[-117.868962,33.612983],[-117.868991,33.612947],[-117.869003,33.612932],[-117.869016,33.612916],[-117.869047,33.612881],[-117.869057,33.612868],[-117.869089,33.612825],[-117.869101,33.612807],[-117.869113,33.61279],[-117.869137,33.612754],[-117.869145,33.612742],[-117.869173,33.6127],[-117.869183,33.612683],[-117.869194,33.612666],[-117.869219,33.612628],[-117.869227,33.612615],[-117.869255,33.612576],[-117.869265,33.612561],[-117.869276,33.612546],[-117.869298,33.612513],[-117.869305,33.612502],[-117.869328,33.612465],[-117.869337,33.612451],[-117.869346,33.612436],[-117.86937,33.612399],[-117.869379,33.612383],[-117.869389,33.612368],[-117.869412,33.612329],[-117.86942,33.612316],[-117.869444,33.612272],[-117.869453,33.612255],[-117.869462,33.612238],[-117.869483,33.612202],[-117.86949,33.61219],[-117.869513,33.612151],[-117.869522,33.612135],[-117.869531,33.61212],[-117.869553,33.612085],[-117.86956,33.612073],[-117.869584,33.612032],[-117.869592,33.612015],[-117.869601,33.611999],[-117.869619,33.611961],[-117.869625,33.611948],[-117.869645,33.611906],[-117.869653,33.611889],[-117.869661,33.611873],[-117.869683,33.611832],[-117.869692,33.611816],[-117.869701,33.6118],[-117.869723,33.611765],[-117.86973,33.611753],[-117.869754,33.611712],[-117.869764,33.611696],[-117.869773,33.61168],[-117.869793,33.611646],[-117.869799,33.611634],[-117.869819,33.611594],[-117.869827,33.611578],[-117.869835,33.611562],[-117.869853,33.611525],[-117.869859,33.611512],[-117.869881,33.611469],[-117.869891,33.611451],[-117.8699,33.611434],[-117.869922,33.611391],[-117.869931,33.611373],[-117.86994,33.611356],[-117.869961,33.611319],[-117.869967,33.611306],[-117.869997,33.611256],[-117.870014,33.611232],[-117.87003,33.611207],[-117.870054,33.611171],[-117.870061,33.611158],[-117.870084,33.611114],[-117.870092,33.611096],[-117.870101,33.611078],[-117.87012,33.611037],[-117.870127,33.611023],[-117.870149,33.61098],[-117.870158,33.610964],[-117.870167,33.610947],[-117.87019,33.610908],[-117.870198,33.610894],[-117.870229,33.610853],[-117.870241,33.610836],[-117.870253,33.61082],[-117.870282,33.610779],[-117.870293,33.610762],[-117.870305,33.610746],[-117.870331,33.61071],[-117.870339,33.610697],[-117.870366,33.610656],[-117.870376,33.610641],[-117.870387,33.610625],[-117.87041,33.610591],[-117.870417,33.610579],[-117.870441,33.610541],[-117.87045,33.610525],[-117.870459,33.610509],[-117.870486,33.61046],[-117.870495,33.610444],[-117.870503,33.610429],[-117.870512,33.610413],[-117.870533,33.610374],[-117.87054,33.61036],[-117.870548,33.610345],[-117.870565,33.610312],[-117.870571,33.610301],[-117.870595,33.610264],[-117.870605,33.610249],[-117.870615,33.610234],[-117.870635,33.610201],[-117.870641,33.610189],[-117.87066,33.610152],[-117.870669,33.610136],[-117.870677,33.610121],[-117.870698,33.610086],[-117.870705,33.610073],[-117.870728,33.610034],[-117.870736,33.610018],[-117.870745,33.610003],[-117.870764,33.60997],[-117.870771,33.609958],[-117.870793,33.609919],[-117.870803,33.609904],[-117.870812,33.609888],[-117.870833,33.60985],[-117.870841,33.609835],[-117.870849,33.60982],[-117.870868,33.609787],[-117.870874,33.609775],[-117.870897,33.609739],[-117.870906,33.609724],[-117.870915,33.60971],[-117.870932,33.609679],[-117.870938,33.609668],[-117.870959,33.60963],[-117.870968,33.609615],[-117.870977,33.609599],[-117.870999,33.609565],[-117.871006,33.609554],[-117.871027,33.609516],[-117.871036,33.6095],[-117.871044,33.609485],[-117.871065,33.609447],[-117.871074,33.609433],[-117.871083,33.609418],[-117.871103,33.609385],[-117.87111,33.609374],[-117.871134,33.609338],[-117.871143,33.609324],[-117.871153,33.609309],[-117.871176,33.609275],[-117.871183,33.609264],[-117.871206,33.609228],[-117.871216,33.609214],[-117.871225,33.6092],[-117.871244,33.60917],[-117.871251,33.609159],[-117.871275,33.609124],[-117.871285,33.609109],[-117.871295,33.609095],[-117.871317,33.609065],[-117.871324,33.609055],[-117.871344,33.60902],[-117.871352,33.609006],[-117.871359,33.608992],[-117.871379,33.608957],[-117.871387,33.608942],[-117.871396,33.608928],[-117.871418,33.608895],[-117.871425,33.608884],[-117.871448,33.608849],[-117.871458,33.608834],[-117.871467,33.60882],[-117.871488,33.608788],[-117.871495,33.608777],[-117.871517,33.60874],[-117.871527,33.608726],[-117.871536,33.608711],[-117.87156,33.608677],[-117.871568,33.608665],[-117.871594,33.608627],[-117.871605,33.608611],[-117.871615,33.608596],[-117.871639,33.608559],[-117.871649,33.608545],[-117.871659,33.60853],[-117.871679,33.608499],[-117.871685,33.608489],[-117.871706,33.608453],[-117.871715,33.608437],[-117.871724,33.608422],[-117.871748,33.608389],[-117.871756,33.608378],[-117.87178,33.608343],[-117.871788,33.60833],[-117.871797,33.608316],[-117.871816,33.608285],[-117.871822,33.608274],[-117.871842,33.608237],[-117.87185,33.608221],[-117.871858,33.608206],[-117.871877,33.60817],[-117.871883,33.608158],[-117.871903,33.608119],[-117.87191,33.608103],[-117.871918,33.608088],[-117.871938,33.60805],[-117.871947,33.608035],[-117.871955,33.60802],[-117.871975,33.607986],[-117.871981,33.607974],[-117.872003,33.607936],[-117.872011,33.607921],[-117.87202,33.607906],[-117.872038,33.607872],[-117.872043,33.60786],[-117.872062,33.607822],[-117.872069,33.607806],[-117.872077,33.607791],[-117.872096,33.607755],[-117.872102,33.607743],[-117.872122,33.607705],[-117.87213,33.60769],[-117.872138,33.607675],[-117.872157,33.607639],[-117.872165,33.607624],[-117.872173,33.607609],[-117.87219,33.607573],[-117.872195,33.60756],[-117.872213,33.607521],[-117.872221,33.607506],[-117.872228,33.607491],[-117.872245,33.607457],[-117.872251,33.607446],[-117.87227,33.607408],[-117.872277,33.607393],[-117.872285,33.607378],[-117.872301,33.607342],[-117.872306,33.60733],[-117.872324,33.607287],[-117.872331,33.607269],[-117.872339,33.607252],[-117.872359,33.607214],[-117.872365,33.607202],[-117.872387,33.607163],[-117.872396,33.607148],[-117.872405,33.607133],[-117.872429,33.607094],[-117.872438,33.607079],[-117.872447,33.607063],[-117.872466,33.607029],[-117.872472,33.607017],[-117.87249,33.606981],[-117.872497,33.606967],[-117.872504,33.606953],[-117.872518,33.606921],[-117.872522,33.60691],[-117.87254,33.606872],[-117.872548,33.606856],[-117.872556,33.606841],[-117.872575,33.606806],[-117.872581,33.606795],[-117.8726,33.606758],[-117.872607,33.606743],[-117.872614,33.606729],[-117.872629,33.606696],[-117.872634,33.606685],[-117.872651,33.606648],[-117.872657,33.606635],[-117.872664,33.606621],[-117.872683,33.606588],[-117.872691,33.606575],[-117.872699,33.606562],[-117.872716,33.606532],[-117.872721,33.606521],[-117.872738,33.606484],[-117.872744,33.606468],[-117.872751,33.606453],[-117.872764,33.606418],[-117.872768,33.606406],[-117.872784,33.606366],[-117.87279,33.606351],[-117.872797,33.606335],[-117.872811,33.6063],[-117.872815,33.606288],[-117.872831,33.606254],[-117.872838,33.60624],[-117.872845,33.606227],[-117.872866,33.606193],[-117.872875,33.60618],[-117.872883,33.606166],[-117.872902,33.606134],[-117.872908,33.606123],[-117.872927,33.606086],[-117.872933,33.606071],[-117.87294,33.606057],[-117.872955,33.606026],[-117.87296,33.606015],[-117.872977,33.605983],[-117.872984,33.605969],[-117.872991,33.605956],[-117.873006,33.605926],[-117.873011,33.605916],[-117.873028,33.60588],[-117.873035,33.605865],[-117.873041,33.605851],[-117.873053,33.605819],[-117.873057,33.605808],[-117.873072,33.605772],[-117.873078,33.605757],[-117.873085,33.605743],[-117.873105,33.605713],[-117.873114,33.605702],[-117.873122,33.605691],[-117.873146,33.605672],[-117.873155,33.605666],[-117.873187,33.605649],[-117.873199,33.605644],[-117.873211,33.605638],[-117.873228,33.605633],[-117.873241,33.60563],[-117.873245,33.605626],[-117.873245,33.605622],[-117.873244,33.605619],[-117.873244,33.605615],[-117.873243,33.605612],[-117.873243,33.605608],[-117.873242,33.605605],[-117.873241,33.605601],[-117.873241,33.605598],[-117.87324,33.605594],[-117.87324,33.605591],[-117.873239,33.605587],[-117.873239,33.605584],[-117.873238,33.60558],[-117.873238,33.605577],[-117.873237,33.605573],[-117.873247,33.60554],[-117.87325,33.605529],[-117.873264,33.605493],[-117.87327,33.605478],[-117.873276,33.605463],[-117.873292,33.605427],[-117.873297,33.605415],[-117.873317,33.605372],[-117.873324,33.605355],[-117.873332,33.605338],[-117.873346,33.605298],[-117.873351,33.605284],[-117.873369,33.60524],[-117.873377,33.605222],[-117.873384,33.605205],[-117.873401,33.605162],[-117.873408,33.605144],[-117.873414,33.605127],[-117.873428,33.605091],[-117.873432,33.605079],[-117.873443,33.60504],[-117.873447,33.605025],[-117.873451,33.60501],[-117.873463,33.604973],[-117.873467,33.60496],[-117.873484,33.604917],[-117.87349,33.6049],[-117.873497,33.604884],[-117.873512,33.60485],[-117.873516,33.604839],[-117.873533,33.604797],[-117.873539,33.60478],[-117.873546,33.604762],[-117.873564,33.604718],[-117.873572,33.604702],[-117.873579,33.604685],[-117.873596,33.604649],[-117.873602,33.604636],[-117.873622,33.604595],[-117.87363,33.604579],[-117.873638,33.604563],[-117.873658,33.604528],[-117.873665,33.604516],[-117.87369,33.604477],[-117.873701,33.604463],[-117.873711,33.604448],[-117.873738,33.604416],[-117.873747,33.604406],[-117.873779,33.604373],[-117.873791,33.604361],[-117.873804,33.604348],[-117.873829,33.60432],[-117.873837,33.60431],[-117.873857,33.604275],[-117.873863,33.604261],[-117.87387,33.604246],[-117.873881,33.604211],[-117.873884,33.604197],[-117.873888,33.604183],[-117.873892,33.604151],[-117.873892,33.60414],[-117.873889,33.604102],[-117.873888,33.604086],[-117.873886,33.60407],[-117.873876,33.604036],[-117.873873,33.604024],[-117.873858,33.603984],[-117.873852,33.603969],[-117.873845,33.603953],[-117.87383,33.603919],[-117.873826,33.603908],[-117.873808,33.603871],[-117.873801,33.603856],[-117.873793,33.603841],[-117.873773,33.603805],[-117.873764,33.60379],[-117.873756,33.603776],[-117.873735,33.603746],[-117.873729,33.603735],[-117.873706,33.603701],[-117.873697,33.603687],[-117.873688,33.603674],[-117.873667,33.603645],[-117.873661,33.603635],[-117.873642,33.6036],[-117.873634,33.603586],[-117.873627,33.603572],[-117.873612,33.603542],[-117.873607,33.603532],[-117.873593,33.603497],[-117.873587,33.603484],[-117.873582,33.60347],[-117.873566,33.603439],[-117.873561,33.603429],[-117.873543,33.603394],[-117.873535,33.603379],[-117.873528,33.603364],[-117.873511,33.603327],[-117.873505,33.603314],[-117.873498,33.6033],[-117.873479,33.60326],[-117.873471,33.603239],[-117.873458,33.603204],[-117.873453,33.60319],[-117.873448,33.603176],[-117.873436,33.603144],[-117.873432,33.603133],[-117.873418,33.603099],[-117.873412,33.603086],[-117.873406,33.603072],[-117.873391,33.603041],[-117.873386,33.60303],[-117.873373,33.603001],[-117.873369,33.602994],[-117.873366,33.602987],[-117.873351,33.602952],[-117.873346,33.602938],[-117.87334,33.602924],[-117.873328,33.602891],[-117.873325,33.60288],[-117.873311,33.602844],[-117.873305,33.602829],[-117.873299,33.602815],[-117.873284,33.602783],[-117.873279,33.602772],[-117.873267,33.602734],[-117.873262,33.602718],[-117.873258,33.602703],[-117.873248,33.60267],[-117.873245,33.602659],[-117.873234,33.602623],[-117.873229,33.602609],[-117.873225,33.602594],[-117.873216,33.60256],[-117.873214,33.602549],[-117.873201,33.602514],[-117.873195,33.602499],[-117.873189,33.602484],[-117.873173,33.602446],[-117.873168,33.602431],[-117.873162,33.602416],[-117.87315,33.602385],[-117.873147,33.602374],[-117.873136,33.602339],[-117.873132,33.602325],[-117.873128,33.602311],[-117.873118,33.602279],[-117.873115,33.602268],[-117.873106,33.602232],[-117.873102,33.602218],[-117.873098,33.602203],[-117.873088,33.602171],[-117.873085,33.60216],[-117.873075,33.602122],[-117.873071,33.602106],[-117.873068,33.602091],[-117.873061,33.602056],[-117.873059,33.602045],[-117.873051,33.60201],[-117.873048,33.601996],[-117.873045,33.601983],[-117.873034,33.601952],[-117.873029,33.601939],[-117.873024,33.601927],[-117.873012,33.6019],[-117.873009,33.60189],[-117.872997,33.601857],[-117.872993,33.601845],[-117.872989,33.601832],[-117.872979,33.601804],[-117.872976,33.601794],[-117.872964,33.601761],[-117.872961,33.601748],[-117.872957,33.601734],[-117.872949,33.601703],[-117.872947,33.601693],[-117.872936,33.60166],[-117.872931,33.601648],[-117.872927,33.601636],[-117.872915,33.601605],[-117.87291,33.601591],[-117.872905,33.601578],[-117.872894,33.601546],[-117.87289,33.601535],[-117.872875,33.601498],[-117.872868,33.601484],[-117.872862,33.601469],[-117.872845,33.601436],[-117.87284,33.601425],[-117.872822,33.601389],[-117.872816,33.601374],[-117.872809,33.601359],[-117.872795,33.601324],[-117.87279,33.601312],[-117.872775,33.601275],[-117.87277,33.60126],[-117.872765,33.601245],[-117.872753,33.601211],[-117.87275,33.601199],[-117.872737,33.601159],[-117.872732,33.601142],[-117.872727,33.601126],[-117.872717,33.601085],[-117.872713,33.601068],[-117.872709,33.601052],[-117.872698,33.601017],[-117.872694,33.601005],[-117.872681,33.600966],[-117.872675,33.600951],[-117.87267,33.600936],[-117.872659,33.600904],[-117.872655,33.600893],[-117.872643,33.600856],[-117.872639,33.600842],[-117.872634,33.600827],[-117.872623,33.600794],[-117.872619,33.600783],[-117.872604,33.600745],[-117.872599,33.600731],[-117.872593,33.600716],[-117.872584,33.600677],[-117.872581,33.600662],[-117.872578,33.600646],[-117.872572,33.600611],[-117.87257,33.600599],[-117.872558,33.600562],[-117.872552,33.600548],[-117.872546,33.600533],[-117.87253,33.600502],[-117.872525,33.600491],[-117.872513,33.600456],[-117.872509,33.600443],[-117.872504,33.600429],[-117.872493,33.600397],[-117.87249,33.600385],[-117.872477,33.600345],[-117.872471,33.600329],[-117.872465,33.600313],[-117.87245,33.600278],[-117.872446,33.600265],[-117.872436,33.600225],[-117.872432,33.600209],[-117.872428,33.600193],[-117.872417,33.600154],[-117.872413,33.600139],[-117.872408,33.600123],[-117.872402,33.60009],[-117.872401,33.600079],[-117.872406,33.600047],[-117.87241,33.600037],[-117.872413,33.600026],[-117.872415,33.600018],[-117.872414,33.600015],[-117.872413,33.600016],[-117.872412,33.600018],[-117.872411,33.600019],[-117.872412,33.60002],[-117.872414,33.60002],[-117.872414,33.600017],[-117.872413,33.60001],[-117.872409,33.599999],[-117.872403,33.599986],[-117.872396,33.59997],[-117.872389,33.59995],[-117.872375,33.599916],[-117.87237,33.599904],[-117.872355,33.599863],[-117.87235,33.599846],[-117.872344,33.59983],[-117.87233,33.599792],[-117.872326,33.599779],[-117.872313,33.599736],[-117.872308,33.599719],[-117.872303,33.599702],[-117.872292,33.599665],[-117.872288,33.599652],[-117.872273,33.599613],[-117.872266,33.599597],[-117.87226,33.599582],[-117.872246,33.599549],[-117.872241,33.599538],[-117.872226,33.599498],[-117.87222,33.59948],[-117.872215,33.599463],[-117.872204,33.599418],[-117.8722,33.599401],[-117.872195,33.599383],[-117.872182,33.599345],[-117.872178,33.599332],[-117.872163,33.599291],[-117.872157,33.599274],[-117.872151,33.599258],[-117.872136,33.599222],[-117.872131,33.59921],[-117.872112,33.599172],[-117.872105,33.599157],[-117.872098,33.599141],[-117.872083,33.599105],[-117.872079,33.599093],[-117.872065,33.599052],[-117.872059,33.599036],[-117.872054,33.599019],[-117.87204,33.598977],[-117.872035,33.59896],[-117.87203,33.598943],[-117.87202,33.598904],[-117.872017,33.598891],[-117.872008,33.59885],[-117.872003,33.598833],[-117.871999,33.598817],[-117.871989,33.598779],[-117.871986,33.598766],[-117.871976,33.598727],[-117.871972,33.598711],[-117.871968,33.598696],[-117.871955,33.598663],[-117.871951,33.598652],[-117.871933,33.598614],[-117.871926,33.598598],[-117.871919,33.598582],[-117.871904,33.598548],[-117.871899,33.598537],[-117.871884,33.598501],[-117.871878,33.598485],[-117.871873,33.59847],[-117.871863,33.598431],[-117.871859,33.598415],[-117.871856,33.598399],[-117.871848,33.598364],[-117.871846,33.598352],[-117.871836,33.598315],[-117.871831,33.598301],[-117.871827,33.598286],[-117.871817,33.598252],[-117.871814,33.598241],[-117.871803,33.598203],[-117.871798,33.598189],[-117.871793,33.598174],[-117.87178,33.598141],[-117.871776,33.59813],[-117.871762,33.598091],[-117.871756,33.598076],[-117.871751,33.59806],[-117.871738,33.598019],[-117.871734,33.598002],[-117.871729,33.597986],[-117.871719,33.597948],[-117.871716,33.597935],[-117.871705,33.597896],[-117.8717,33.59788],[-117.871695,33.597865],[-117.871682,33.597831],[-117.871678,33.59782],[-117.871663,33.597781],[-117.871658,33.597765],[-117.871652,33.597749],[-117.871641,33.597715],[-117.871638,33.597703],[-117.871624,33.597668],[-117.871618,33.597654],[-117.871612,33.597641],[-117.871596,33.597611],[-117.871591,33.597601],[-117.871574,33.597567],[-117.871568,33.597553],[-117.871562,33.597539],[-117.871551,33.597499],[-117.871548,33.597483],[-117.871544,33.597467],[-117.871536,33.597432],[-117.871533,33.59742],[-117.871521,33.597381],[-117.871517,33.597365],[-117.871512,33.597349],[-117.8715,33.597315],[-117.871497,33.597303],[-117.871485,33.597267],[-117.87148,33.597253],[-117.871475,33.597239],[-117.871462,33.597208],[-117.871458,33.597197],[-117.871444,33.597162],[-117.87144,33.597147],[-117.871435,33.597133],[-117.871425,33.597103],[-117.871422,33.597093],[-117.871406,33.59706],[-117.871399,33.597046],[-117.871392,33.597033],[-117.871372,33.596999],[-117.871365,33.596985],[-117.871357,33.596971],[-117.871341,33.596936],[-117.871336,33.596924],[-117.87132,33.596887],[-117.871313,33.596874],[-117.871306,33.59686],[-117.87129,33.59683],[-117.871285,33.59682],[-117.871268,33.596788],[-117.871263,33.596776],[-117.871257,33.596763],[-117.871256,33.596747],[-117.87126,33.596733],[-117.871272,33.59671],[-117.871277,33.5967],[-117.871282,33.59669],[-117.871284,33.596673],[-117.871281,33.59667],[-117.871279,33.596667],[-117.871276,33.596663],[-117.871274,33.59666],[-117.871272,33.596657],[-117.871269,33.596654],[-117.871267,33.596651],[-117.871264,33.596648],[-117.871262,33.596645],[-117.87126,33.596642],[-117.871257,33.596638],[-117.871255,33.596635],[-117.871252,33.596632],[-117.87125,33.596629],[-117.871232,33.59661],[-117.871224,33.5966],[-117.871216,33.596591],[-117.871208,33.596581],[-117.8712,33.596571],[-117.871184,33.596548],[-117.871178,33.59654],[-117.871173,33.596531],[-117.871155,33.596509],[-117.871147,33.596501],[-117.871138,33.596492],[-117.871109,33.596468],[-117.871099,33.596459],[-117.871066,33.596424],[-117.871053,33.596409],[-117.871041,33.596394],[-117.871022,33.596358],[-117.871017,33.596346],[-117.871003,33.596308],[-117.870998,33.596295],[-117.870992,33.596281],[-117.870978,33.596257],[-117.870973,33.596249],[-117.870948,33.596233],[-117.870935,33.596227],[-117.870923,33.596222],[-117.87089,33.596203],[-117.870877,33.596195],[-117.870865,33.596186],[-117.870845,33.596166],[-117.87084,33.596159],[-117.870832,33.596148],[-117.870827,33.59614],[-117.870821,33.596132],[-117.870807,33.596117],[-117.870802,33.596111],[-117.87077,33.596089],[-117.870756,33.59608],[-117.870741,33.596071],[-117.870707,33.596048],[-117.870696,33.59604],[-117.870661,33.596012],[-117.870648,33.596002],[-117.870634,33.595991],[-117.870599,33.595972],[-117.870587,33.595965],[-117.870548,33.595944],[-117.870534,33.595935],[-117.870519,33.595926],[-117.870483,33.595903],[-117.870467,33.595894],[-117.870452,33.595884],[-117.870416,33.595863],[-117.870405,33.595855],[-117.870369,33.595831],[-117.870355,33.595822],[-117.87034,33.595812],[-117.870305,33.595786],[-117.870294,33.595777],[-117.870258,33.595747],[-117.870243,33.595734],[-117.870229,33.595722],[-117.870196,33.595694],[-117.870186,33.595684],[-117.870151,33.595653],[-117.870137,33.59564],[-117.870124,33.595628],[-117.870093,33.595598],[-117.870081,33.595586],[-117.870069,33.595574],[-117.870042,33.595548],[-117.870033,33.595539],[-117.870002,33.595512],[-117.86999,33.595501],[-117.869977,33.595491],[-117.869948,33.595467],[-117.869938,33.595459],[-117.869908,33.595432],[-117.869895,33.595422],[-117.869883,33.595411],[-117.869854,33.595389],[-117.869845,33.595381],[-117.869812,33.595357],[-117.869799,33.595348],[-117.869785,33.595338],[-117.869756,33.595318],[-117.869747,33.595311],[-117.869718,33.595287],[-117.869707,33.595277],[-117.869697,33.595267],[-117.869682,33.59524],[-117.869676,33.595228],[-117.869671,33.595217],[-117.869663,33.595189],[-117.869661,33.59518],[-117.869655,33.595168],[-117.869645,33.595159],[-117.869632,33.595152],[-117.869618,33.595144],[-117.869605,33.595135],[-117.869589,33.59512],[-117.869583,33.595113],[-117.869578,33.595107],[-117.869564,33.595095],[-117.86956,33.59509],[-117.869551,33.595081],[-117.869542,33.595071],[-117.869532,33.595062],[-117.86951,33.595047],[-117.869499,33.595041],[-117.869488,33.595034],[-117.869477,33.595028],[-117.869466,33.595022],[-117.869445,33.595011],[-117.869438,33.595007],[-117.869431,33.595003],[-117.869414,33.594991],[-117.869409,33.594987],[-117.869397,33.594979],[-117.869385,33.59497],[-117.869373,33.594961],[-117.869349,33.594944],[-117.869337,33.594936],[-117.869325,33.594929],[-117.869313,33.594921],[-117.869301,33.594914],[-117.869276,33.594903],[-117.869267,33.594899],[-117.869236,33.594884],[-117.869224,33.594877],[-117.869213,33.594871],[-117.869184,33.594854],[-117.869173,33.594846],[-117.869161,33.594839],[-117.869135,33.594827],[-117.869126,33.594822],[-117.869073,33.5948],[-117.869051,33.594792],[-117.869028,33.594783],[-117.868983,33.594767],[-117.868969,33.594761],[-117.868924,33.594742],[-117.868907,33.594735],[-117.868889,33.594727],[-117.868851,33.594707],[-117.868839,33.5947],[-117.868803,33.594669],[-117.868789,33.594656],[-117.868776,33.594642],[-117.868762,33.594601],[-117.868762,33.594583],[-117.868761,33.594566],[-117.86878,33.594527],[-117.868787,33.594514],[-117.868813,33.594474],[-117.868823,33.594458],[-117.868833,33.594442],[-117.86886,33.594408],[-117.868869,33.594396],[-117.868903,33.594362],[-117.868916,33.59435],[-117.86893,33.594337],[-117.868958,33.594309],[-117.868967,33.594299],[-117.868994,33.594266],[-117.869005,33.594252],[-117.869015,33.594239],[-117.869039,33.59421],[-117.869047,33.5942],[-117.869076,33.594167],[-117.869087,33.594154],[-117.869099,33.594141],[-117.869126,33.594111],[-117.869137,33.5941],[-117.869147,33.594088],[-117.869168,33.594065],[-117.869175,33.594056],[-117.869202,33.594026],[-117.869214,33.594014],[-117.869226,33.594002],[-117.869256,33.593974],[-117.869266,33.593964],[-117.8693,33.59393],[-117.869314,33.593915],[-117.869327,33.593901],[-117.869357,33.59387],[-117.869366,33.59386],[-117.869396,33.593827],[-117.869408,33.593815],[-117.86942,33.593802],[-117.869449,33.593772],[-117.86946,33.593761],[-117.869472,33.593749],[-117.869498,33.593723],[-117.869506,33.593714],[-117.869534,33.593685],[-117.869546,33.593673],[-117.869557,33.593661],[-117.869582,33.593634],[-117.86959,33.593625],[-117.869617,33.593596],[-117.869628,33.593585],[-117.869639,33.593573],[-117.869664,33.593546],[-117.869673,33.593537],[-117.869703,33.593506],[-117.869715,33.593493],[-117.869727,33.593481],[-117.869756,33.593457],[-117.869765,33.593448],[-117.869794,33.593421],[-117.869805,33.59341],[-117.869816,33.593399],[-117.869843,33.593372],[-117.869854,33.593361],[-117.869865,33.59335],[-117.869894,33.593323],[-117.869904,33.593313],[-117.869939,33.593282],[-117.869952,33.59327],[-117.869966,33.593258],[-117.869994,33.593231],[-117.870003,33.593222],[-117.87003,33.593188],[-117.87004,33.593175],[-117.870051,33.593161],[-117.870074,33.593131],[-117.870081,33.593121],[-117.870111,33.593091],[-117.870125,33.593078],[-117.870138,33.593066],[-117.870167,33.593037],[-117.870176,33.593028],[-117.870207,33.592999],[-117.870218,33.592988],[-117.87023,33.592977],[-117.870255,33.59295],[-117.870265,33.592939],[-117.870275,33.592928],[-117.870301,33.5929],[-117.87031,33.59289],[-117.870339,33.592862],[-117.870351,33.592852],[-117.870362,33.592841],[-117.870387,33.592817],[-117.870395,33.592808],[-117.870423,33.592781],[-117.870436,33.59277],[-117.870448,33.592759],[-117.870479,33.592733],[-117.870489,33.592723],[-117.870521,33.592693],[-117.870533,33.592682],[-117.870545,33.59267],[-117.870574,33.592637],[-117.870585,33.592623],[-117.870597,33.592609],[-117.870624,33.592578],[-117.870632,33.592568],[-117.870662,33.592535],[-117.870674,33.592523],[-117.870686,33.59251],[-117.870714,33.592482],[-117.870723,33.592473],[-117.870753,33.592443],[-117.870766,33.592431],[-117.870778,33.592419],[-117.870805,33.59239],[-117.870814,33.59238],[-117.870848,33.592348],[-117.870861,33.592335],[-117.870875,33.592322],[-117.87091,33.592294],[-117.870921,33.592285],[-117.870958,33.592261],[-117.870973,33.592253],[-117.870989,33.592245],[-117.871041,33.592243],[-117.871063,33.592246],[-117.871085,33.592249],[-117.871131,33.592272],[-117.871145,33.592281],[-117.871184,33.592318],[-117.871197,33.592334],[-117.871211,33.592349],[-117.871238,33.592382],[-117.871247,33.592393],[-117.871276,33.592426],[-117.871287,33.59244],[-117.871298,33.592453],[-117.871323,33.592484],[-117.871331,33.592494],[-117.871355,33.592525],[-117.871365,33.592536],[-117.871374,33.592548],[-117.871399,33.592578],[-117.871408,33.59259],[-117.871418,33.592602],[-117.871434,33.59263],[-117.871439,33.592638],[-117.871456,33.592665],[-117.871464,33.592675],[-117.871471,33.592686],[-117.87149,33.59271],[-117.871497,33.592717],[-117.87152,33.592743],[-117.871529,33.592753],[-117.871538,33.592764],[-117.871556,33.592789],[-117.871563,33.592798],[-117.871589,33.592829],[-117.8716,33.592842],[-117.871611,33.592854],[-117.871637,33.592878],[-117.871646,33.592886],[-117.871677,33.592914],[-117.87169,33.592925],[-117.871703,33.592937],[-117.871737,33.592966],[-117.871751,33.592978],[-117.871765,33.592989],[-117.871802,33.593016],[-117.871816,33.593025],[-117.87186,33.593056],[-117.871878,33.593069],[-117.871895,33.593081],[-117.871927,33.593108],[-117.871938,33.593117],[-117.871972,33.593144],[-117.871987,33.593154],[-117.872001,33.593164],[-117.872034,33.593187],[-117.872046,33.593194],[-117.872083,33.59322],[-117.872097,33.59323],[-117.872112,33.593241],[-117.872148,33.593267],[-117.872163,33.593278],[-117.872178,33.593288],[-117.872212,33.59331],[-117.872223,33.593318],[-117.872258,33.593343],[-117.872273,33.593353],[-117.872287,33.593364],[-117.87232,33.593389],[-117.872332,33.593397],[-117.872369,33.593422],[-117.872384,33.593432],[-117.872399,33.593441],[-117.872435,33.593459],[-117.872447,33.593465],[-117.872489,33.593483],[-117.872505,33.593491],[-117.872522,33.593498],[-117.872559,33.593513],[-117.872572,33.593518],[-117.872613,33.593534],[-117.872629,33.59354],[-117.872646,33.593547],[-117.872691,33.593563],[-117.872708,33.593569],[-117.872726,33.593575],[-117.872764,33.593591],[-117.872777,33.593596],[-117.872821,33.593617],[-117.872838,33.593625],[-117.872856,33.593634],[-117.872896,33.593654],[-117.87291,33.59366],[-117.872953,33.59368],[-117.872969,33.593688],[-117.872986,33.593695],[-117.873019,33.593709],[-117.87303,33.593713],[-117.873069,33.593729],[-117.873084,33.593735],[-117.8731,33.593742],[-117.873139,33.59376],[-117.873154,33.593767],[-117.873169,33.593775],[-117.873201,33.593793],[-117.873212,33.593798],[-117.87325,33.593814],[-117.873267,33.593821],[-117.873283,33.593827],[-117.87332,33.593843],[-117.873333,33.593848],[-117.873376,33.593864],[-117.873392,33.59387],[-117.873409,33.593877],[-117.873442,33.593894],[-117.873453,33.5939],[-117.873489,33.593918],[-117.873505,33.593925],[-117.87352,33.593932],[-117.873556,33.593947],[-117.873568,33.593951],[-117.873607,33.593968],[-117.873623,33.593976],[-117.873638,33.593983],[-117.873675,33.594005],[-117.87369,33.594015],[-117.873706,33.594024],[-117.873741,33.594042],[-117.873753,33.594048],[-117.873791,33.594066],[-117.873806,33.594074],[-117.873821,33.594081],[-117.873856,33.594097],[-117.873868,33.594102],[-117.873908,33.594121],[-117.873924,33.59413],[-117.87394,33.594138],[-117.873976,33.594156],[-117.873988,33.594162],[-117.874027,33.594181],[-117.874043,33.594188],[-117.874058,33.594196],[-117.874096,33.594218],[-117.874111,33.594228],[-117.874126,33.594237],[-117.874161,33.594256],[-117.874173,33.594262],[-117.874211,33.594279],[-117.874227,33.594286],[-117.874242,33.594292],[-117.874278,33.594309],[-117.874291,33.594314],[-117.874332,33.594335],[-117.874348,33.594344],[-117.874364,33.594353],[-117.874397,33.594375],[-117.874408,33.594382],[-117.874446,33.594404],[-117.87446,33.594412],[-117.874475,33.594421],[-117.874508,33.594441],[-117.874519,33.594448],[-117.874556,33.594473],[-117.874571,33.594484],[-117.874585,33.594495],[-117.87462,33.594521],[-117.874635,33.594532],[-117.874649,33.594542],[-117.874681,33.594565],[-117.874692,33.594572],[-117.874729,33.594597],[-117.874745,33.594606],[-117.87476,33.594616],[-117.874795,33.594639],[-117.874807,33.594646],[-117.874844,33.594669],[-117.87486,33.594678],[-117.874875,33.594687],[-117.874911,33.594705],[-117.874923,33.59471],[-117.874967,33.594727],[-117.874984,33.594733],[-117.875002,33.594739],[-117.875047,33.59475],[-117.875065,33.594754],[-117.875083,33.594758],[-117.875123,33.594766],[-117.875136,33.594769],[-117.87518,33.594781],[-117.875198,33.594786],[-117.875215,33.594791],[-117.875252,33.594801],[-117.875264,33.594804],[-117.875306,33.594813],[-117.875323,33.594817],[-117.875341,33.594821],[-117.875382,33.594832],[-117.875396,33.594836],[-117.875439,33.59485],[-117.875457,33.594856],[-117.875474,33.594862],[-117.875514,33.594878],[-117.875528,33.594883],[-117.875581,33.5949],[-117.875602,33.594907],[-117.875624,33.594913],[-117.875676,33.594925],[-117.875696,33.59493],[-117.875717,33.594935],[-117.87576,33.594949],[-117.875775,33.594953],[-117.875824,33.594966],[-117.875843,33.594971],[-117.875863,33.594976],[-117.87591,33.594985],[-117.875926,33.594987],[-117.875982,33.594992],[-117.876004,33.594994],[-117.876027,33.594995],[-117.876079,33.594996],[-117.876096,33.594996],[-117.876149,33.594994],[-117.876169,33.594993],[-117.876189,33.594992],[-117.876233,33.594988],[-117.876248,33.594986],[-117.8763,33.594981],[-117.876322,33.594979],[-117.876343,33.594978],[-117.876396,33.59498],[-117.876417,33.594982],[-117.876438,33.594983],[-117.876481,33.594989],[-117.876495,33.594991],[-117.876541,33.595002],[-117.876559,33.595006],[-117.876578,33.595011],[-117.876621,33.595023],[-117.876635,33.595027],[-117.876681,33.595045],[-117.876698,33.595053],[-117.876716,33.595061],[-117.876752,33.595082],[-117.876764,33.595088],[-117.876801,33.595111],[-117.876817,33.59512],[-117.876832,33.59513],[-117.87687,33.595156],[-117.876886,33.595166],[-117.876901,33.595176],[-117.876933,33.595201],[-117.876944,33.595209],[-117.876978,33.595239],[-117.876992,33.595251],[-117.877005,33.595263],[-117.877037,33.595288],[-117.877048,33.595296],[-117.877085,33.595317],[-117.877101,33.595324],[-117.877116,33.595332],[-117.877149,33.595347],[-117.87716,33.595351],[-117.877201,33.595362],[-117.877218,33.595367],[-117.877235,33.595371],[-117.877274,33.595379],[-117.877287,33.595381],[-117.877331,33.595392],[-117.877349,33.595396],[-117.877367,33.595401],[-117.877413,33.595415],[-117.877431,33.595419],[-117.87745,33.595424],[-117.877493,33.595432],[-117.877507,33.595435],[-117.877551,33.595447],[-117.877569,33.595452],[-117.877586,33.595457],[-117.877622,33.595471],[-117.877635,33.595475],[-117.877672,33.595495],[-117.877686,33.595504],[-117.8777,33.595514],[-117.877721,33.595544],[-117.877727,33.595555],[-117.877734,33.595598],[-117.877733,33.595616],[-117.877733,33.595634],[-117.877724,33.595676],[-117.877721,33.595693],[-117.877717,33.595709],[-117.87771,33.595741],[-117.877708,33.595751],[-117.877692,33.595805],[-117.877688,33.595819],[-117.877683,33.595833],[-117.877672,33.595865],[-117.877668,33.595876],[-117.877655,33.59591],[-117.877649,33.595924],[-117.877644,33.595937],[-117.877631,33.595969],[-117.877626,33.595979],[-117.877612,33.596013],[-117.877606,33.596028],[-117.8776,33.596042],[-117.877587,33.596074],[-117.877582,33.596084],[-117.877568,33.59612],[-117.877564,33.596134],[-117.877559,33.596149],[-117.877548,33.596183],[-117.877543,33.596197],[-117.877539,33.59621],[-117.87753,33.59624],[-117.877526,33.59625],[-117.877513,33.596283],[-117.877508,33.596297],[-117.877503,33.59631],[-117.877493,33.59634],[-117.877489,33.596349],[-117.877477,33.596382],[-117.877472,33.596395],[-117.877468,33.596409],[-117.877458,33.596444],[-117.877453,33.596456],[-117.877439,33.596494],[-117.877435,33.596508],[-117.87743,33.596523],[-117.877421,33.59656],[-117.877418,33.596574],[-117.877415,33.596589],[-117.877409,33.596621],[-117.877407,33.596632],[-117.877402,33.596668],[-117.877402,33.596683],[-117.877401,33.596697],[-117.877402,33.596731],[-117.877402,33.596742],[-117.877402,33.596778],[-117.877401,33.596793],[-117.877401,33.596807],[-117.877397,33.596838],[-117.877395,33.596848],[-117.877393,33.596882],[-117.877393,33.596895],[-117.877393,33.596909],[-117.877396,33.596942],[-117.877397,33.596952],[-117.877403,33.596988],[-117.877405,33.597003],[-117.877408,33.597017],[-117.877419,33.597055],[-117.877424,33.597071],[-117.877429,33.597086],[-117.877439,33.597121],[-117.877443,33.597132],[-117.877455,33.597169],[-117.877459,33.597183],[-117.877464,33.597197],[-117.877476,33.597226],[-117.877481,33.597236],[-117.8775,33.597269],[-117.877509,33.597283],[-117.877518,33.597296],[-117.877543,33.597325],[-117.877553,33.597334],[-117.877584,33.597362],[-117.877598,33.597373],[-117.877611,33.597383],[-117.877646,33.597407],[-117.877661,33.597416],[-117.877675,33.597426],[-117.877707,33.597447],[-117.877718,33.597453],[-117.877752,33.597475],[-117.877765,33.597485],[-117.877779,33.597494],[-117.877809,33.597515],[-117.877819,33.597522],[-117.87785,33.597544],[-117.877861,33.597553],[-117.877873,33.597561],[-117.877901,33.59758],[-117.877911,33.597586],[-117.877944,33.597607],[-117.877958,33.597615],[-117.877971,33.597624],[-117.878,33.597644],[-117.87801,33.59765],[-117.878043,33.597673],[-117.878057,33.597683],[-117.87807,33.597692],[-117.878103,33.597715],[-117.878116,33.597724],[-117.878129,33.597733],[-117.878158,33.597752],[-117.878168,33.597758],[-117.878201,33.597781],[-117.878214,33.59779],[-117.878228,33.5978],[-117.878259,33.597822],[-117.878269,33.597829],[-117.878304,33.597852],[-117.878319,33.597862],[-117.878333,33.597871],[-117.878363,33.597891],[-117.878373,33.597897],[-117.878405,33.597918],[-117.878417,33.597926],[-117.87843,33.597934],[-117.878466,33.597958],[-117.878481,33.597967],[-117.878496,33.597977],[-117.87853,33.597999],[-117.878541,33.598006],[-117.878577,33.598029],[-117.878592,33.598038],[-117.878606,33.598047],[-117.878639,33.59807],[-117.87865,33.598077],[-117.878671,33.59809],[-117.878692,33.598104],[-117.878721,33.598125],[-117.878731,33.598132],[-117.878764,33.598157],[-117.878777,33.598167],[-117.878791,33.598177],[-117.878822,33.5982],[-117.878833,33.598207],[-117.878869,33.598231],[-117.878883,33.598241],[-117.878897,33.59825],[-117.878931,33.598275],[-117.878945,33.598285],[-117.878958,33.598296],[-117.878986,33.598324],[-117.878995,33.598333],[-117.879017,33.598368],[-117.879025,33.598382],[-117.879032,33.598397],[-117.879037,33.598432],[-117.879038,33.598444],[-117.879028,33.598485],[-117.879022,33.5985],[-117.879015,33.598516],[-117.878992,33.598549],[-117.878984,33.598559],[-117.878958,33.598593],[-117.878947,33.598607],[-117.878937,33.598621],[-117.878918,33.598654],[-117.878911,33.598664],[-117.878885,33.598704],[-117.878872,33.598721],[-117.87886,33.598738],[-117.878825,33.598783],[-117.878812,33.5988],[-117.878798,33.598817],[-117.878767,33.598852],[-117.878756,33.598863],[-117.87871,33.598907],[-117.878686,33.598928],[-117.878663,33.598949],[-117.87863,33.598979],[-117.878618,33.598988],[-117.878578,33.59902],[-117.878562,33.599034],[-117.878545,33.599047],[-117.878506,33.599075],[-117.878492,33.599083],[-117.878445,33.599103],[-117.878425,33.59911],[-117.878406,33.599116],[-117.878357,33.599117],[-117.878338,33.599115],[-117.878319,33.599112],[-117.878272,33.599094],[-117.878257,33.599087],[-117.878208,33.599058],[-117.878188,33.599047],[-117.878169,33.599035],[-117.878126,33.599009],[-117.878112,33.599001],[-117.878068,33.598976],[-117.87805,33.598967],[-117.878033,33.598958],[-117.877995,33.598937],[-117.877982,33.598929],[-117.877942,33.598902],[-117.877927,33.59889],[-117.877911,33.598879],[-117.877876,33.598851],[-117.877864,33.598841],[-117.877824,33.598809],[-117.877809,33.598797],[-117.877793,33.598785],[-117.877754,33.598758],[-117.877739,33.598748],[-117.877723,33.598737],[-117.877691,33.598713],[-117.877681,33.598704],[-117.877645,33.598676],[-117.877631,33.598666],[-117.877616,33.598655],[-117.877585,33.598636],[-117.877575,33.59863],[-117.877541,33.598611],[-117.877528,33.598603],[-117.877514,33.598595],[-117.877484,33.598574],[-117.877474,33.598566],[-117.877445,33.59854],[-117.877433,33.598529],[-117.877422,33.598519],[-117.877393,33.598494],[-117.877382,33.598484],[-117.87737,33.598475],[-117.877339,33.598454],[-117.877329,33.598446],[-117.877294,33.598419],[-117.87728,33.59841],[-117.877267,33.5984],[-117.87724,33.598383],[-117.877232,33.598377],[-117.877202,33.598359],[-117.87719,33.598351],[-117.877177,33.598344],[-117.877146,33.598328],[-117.877135,33.598322],[-117.877099,33.598303],[-117.877085,33.598295],[-117.877071,33.598288],[-117.877041,33.598273],[-117.877031,33.598267],[-117.876997,33.598246],[-117.876984,33.598237],[-117.87697,33.598228],[-117.876937,33.598202],[-117.876924,33.598191],[-117.876911,33.598181],[-117.87688,33.598159],[-117.876869,33.598151],[-117.876835,33.598127],[-117.876821,33.598117],[-117.876808,33.598108],[-117.87678,33.598088],[-117.87677,33.598081],[-117.876734,33.598055],[-117.87672,33.598044],[-117.876706,33.598034],[-117.876677,33.598012],[-117.876668,33.598004],[-117.876639,33.597979],[-117.876629,33.59797],[-117.876618,33.59796],[-117.876592,33.597936],[-117.876582,33.597926],[-117.876572,33.597916],[-117.876547,33.597895],[-117.876539,33.597888],[-117.876509,33.597868],[-117.876496,33.597861],[-117.876484,33.597854],[-117.876455,33.597839],[-117.876445,33.597833],[-117.876406,33.597811],[-117.876389,33.597801],[-117.876373,33.597792],[-117.87634,33.597772],[-117.876329,33.597765],[-117.876295,33.597741],[-117.876281,33.597732],[-117.876268,33.597722],[-117.876235,33.597701],[-117.876224,33.597693],[-117.876185,33.597668],[-117.87617,33.597657],[-117.876154,33.597647],[-117.876117,33.597623],[-117.876103,33.597613],[-117.876089,33.597603],[-117.876058,33.597578],[-117.876048,33.597569],[-117.876012,33.59754],[-117.875998,33.597527],[-117.875983,33.597515],[-117.87595,33.597487],[-117.875939,33.597477],[-117.8759,33.597447],[-117.875884,33.597435],[-117.875868,33.597424],[-117.87583,33.597399],[-117.875817,33.597391],[-117.875777,33.597364],[-117.875761,33.597354],[-117.875746,33.597343],[-117.875709,33.597316],[-117.875694,33.597306],[-117.875679,33.597295],[-117.875644,33.597271],[-117.875632,33.597262],[-117.87559,33.597235],[-117.875574,33.597224],[-117.875557,33.597214],[-117.875521,33.597192],[-117.87551,33.597184],[-117.875473,33.59716],[-117.875459,33.597149],[-117.875444,33.597139],[-117.875412,33.597117],[-117.875402,33.597109],[-117.875367,33.597084],[-117.875353,33.597073],[-117.875339,33.597063],[-117.875308,33.597042],[-117.875298,33.597035],[-117.875266,33.597012],[-117.875252,33.597003],[-117.875239,33.596993],[-117.875206,33.596968],[-117.875192,33.596957],[-117.875179,33.596947],[-117.87515,33.596926],[-117.87514,33.596919],[-117.875106,33.596896],[-117.875091,33.596886],[-117.875077,33.596877],[-117.875045,33.596856],[-117.875035,33.596848],[-117.875002,33.596824],[-117.874989,33.596814],[-117.874976,33.596804],[-117.874944,33.596784],[-117.874934,33.596777],[-117.8749,33.596757],[-117.874887,33.59675],[-117.874873,33.596742],[-117.874836,33.596723],[-117.874822,33.596715],[-117.874807,33.596708],[-117.874775,33.596693],[-117.874764,33.596688],[-117.874728,33.596667],[-117.874714,33.596658],[-117.8747,33.596649],[-117.874669,33.596627],[-117.874659,33.596619],[-117.874627,33.596596],[-117.874615,33.596588],[-117.874603,33.596579],[-117.874576,33.596559],[-117.874567,33.596552],[-117.874533,33.596526],[-117.87452,33.596516],[-117.874507,33.596506],[-117.874479,33.596485],[-117.87447,33.596478],[-117.87444,33.596456],[-117.874428,33.596447],[-117.874416,33.596438],[-117.874386,33.596416],[-117.874375,33.596408],[-117.874363,33.596399],[-117.874335,33.596381],[-117.874326,33.596375],[-117.874293,33.596358],[-117.874279,33.59635],[-117.874265,33.596343],[-117.874233,33.596324],[-117.874223,33.596317],[-117.87419,33.596293],[-117.874176,33.596283],[-117.874163,33.596273],[-117.874134,33.596252],[-117.874125,33.596245],[-117.874094,33.596224],[-117.874081,33.596217],[-117.874069,33.596209],[-117.874036,33.596189],[-117.874023,33.59618],[-117.87401,33.596172],[-117.873981,33.596155],[-117.873972,33.596149],[-117.873939,33.596128],[-117.873926,33.596118],[-117.873913,33.596109],[-117.873885,33.596085],[-117.873876,33.596077],[-117.873848,33.596048],[-117.873837,33.596037],[-117.873826,33.596026],[-117.873799,33.596005],[-117.87379,33.595998],[-117.873761,33.595974],[-117.87375,33.595964],[-117.873739,33.595953],[-117.873711,33.595931],[-117.873701,33.595924],[-117.873668,33.595904],[-117.873656,33.595897],[-117.873643,33.595889],[-117.873611,33.595868],[-117.873598,33.59586],[-117.873584,33.595851],[-117.873551,33.59583],[-117.87354,33.595823],[-117.8735,33.5958],[-117.873485,33.595792],[-117.873469,33.595783],[-117.873436,33.595764],[-117.873426,33.595757],[-117.873394,33.595732],[-117.873381,33.595721],[-117.873369,33.59571],[-117.873341,33.595685],[-117.873332,33.595676],[-117.873301,33.595652],[-117.873288,33.595643],[-117.873276,33.595634],[-117.873244,33.595611],[-117.873233,33.595603],[-117.873196,33.595577],[-117.873182,33.595567],[-117.873167,33.595557],[-117.87313,33.595534],[-117.873116,33.595526],[-117.873101,33.595517],[-117.873068,33.595496],[-117.873057,33.595489],[-117.873023,33.595463],[-117.87301,33.595452],[-117.872996,33.595441],[-117.872961,33.595416],[-117.87295,33.595407],[-117.872914,33.59538],[-117.872899,33.595369],[-117.872885,33.595359],[-117.872855,33.595338],[-117.872845,33.59533],[-117.872808,33.595304],[-117.872792,33.595294],[-117.872777,33.595283],[-117.87274,33.595256],[-117.872727,33.595245],[-117.872713,33.595235],[-117.872681,33.595215],[-117.872671,33.595209],[-117.872636,33.595189],[-117.872622,33.595181],[-117.872608,33.595173],[-117.872575,33.595153],[-117.872564,33.595145],[-117.872527,33.595122],[-117.872513,33.595112],[-117.872498,33.595103],[-117.872464,33.595082],[-117.872453,33.595074],[-117.872416,33.595049],[-117.872402,33.595039],[-117.872388,33.595029],[-117.872356,33.595008],[-117.872345,33.595001],[-117.872309,33.59499],[-117.872295,33.594988],[-117.872282,33.594987],[-117.872265,33.594994],[-117.872252,33.595007],[-117.872239,33.595024],[-117.872223,33.595053],[-117.872217,33.595062],[-117.872195,33.595093],[-117.872187,33.595105],[-117.872178,33.595118],[-117.872157,33.595144],[-117.87215,33.595153],[-117.872125,33.595183],[-117.872116,33.595194],[-117.872106,33.595206],[-117.872082,33.595232],[-117.872073,33.595241],[-117.872045,33.595267],[-117.872034,33.595278],[-117.872023,33.595288],[-117.871997,33.595315],[-117.871986,33.595326],[-117.871976,33.595337],[-117.871952,33.595361],[-117.871944,33.595368],[-117.871917,33.595391],[-117.871908,33.5954],[-117.871898,33.595409],[-117.871881,33.595431],[-117.871875,33.595438],[-117.871864,33.59545],[-117.871855,33.595458],[-117.871847,33.595464],[-117.87184,33.595468],[-117.871831,33.595474],[-117.871819,33.595483],[-117.871806,33.595494],[-117.871794,33.595506],[-117.871778,33.595522],[-117.871772,33.595527],[-117.871763,33.595538],[-117.871753,33.59555],[-117.871744,33.595563],[-117.871731,33.595577],[-117.871715,33.595593],[-117.871695,33.59561],[-117.871663,33.595638],[-117.871653,33.595647],[-117.871625,33.595675],[-117.871614,33.595687],[-117.871603,33.595698],[-117.871577,33.595725],[-117.871567,33.595735],[-117.871529,33.595771],[-117.871515,33.595786],[-117.8715,33.5958],[-117.871469,33.595832],[-117.871458,33.595842],[-117.871427,33.595877],[-117.871414,33.595892],[-117.871402,33.595906],[-117.871374,33.59594],[-117.871363,33.595952],[-117.871353,33.595965],[-117.87134,33.595992],[-117.871337,33.596001],[-117.871348,33.596029],[-117.871357,33.596039],[-117.871366,33.59605],[-117.871404,33.596068],[-117.871418,33.596073],[-117.871466,33.596089],[-117.871484,33.596094],[-117.871503,33.5961],[-117.87154,33.596114],[-117.871552,33.596118],[-117.871592,33.596132],[-117.871608,33.596137],[-117.871624,33.596143],[-117.871656,33.596157],[-117.871667,33.596161],[-117.871703,33.596178],[-117.871716,33.596185],[-117.87173,33.596192],[-117.871762,33.596213],[-117.871774,33.596221],[-117.871787,33.596229],[-117.871814,33.596247],[-117.871824,33.596252],[-117.871863,33.596273],[-117.87188,33.596282],[-117.871897,33.596291],[-117.871934,33.596311],[-117.871946,33.596318],[-117.871988,33.596343],[-117.872005,33.596354],[-117.872022,33.596364],[-117.872063,33.596389],[-117.872077,33.596397],[-117.872119,33.596428],[-117.872135,33.596441],[-117.87215,33.596453],[-117.872184,33.596479],[-117.872197,33.596489],[-117.872211,33.596498],[-117.872246,33.596518],[-117.872258,33.596524],[-117.8723,33.596544],[-117.872318,33.596553],[-117.872335,33.596561],[-117.872374,33.596581],[-117.872388,33.596587],[-117.872432,33.596609],[-117.872449,33.596617],[-117.872467,33.596626],[-117.872506,33.596646],[-117.872519,33.596652],[-117.872564,33.596674],[-117.872582,33.596683],[-117.8726,33.596691],[-117.87264,33.59671],[-117.872653,33.596716],[-117.872697,33.596742],[-117.872714,33.596753],[-117.872732,33.596764],[-117.872772,33.596791],[-117.872789,33.596802],[-117.872805,33.596812],[-117.872842,33.596833],[-117.872855,33.596839],[-117.872898,33.596862],[-117.872915,33.596872],[-117.872932,33.596881],[-117.872967,33.596902],[-117.872979,33.596908],[-117.873019,33.596931],[-117.873036,33.59694],[-117.873052,33.596949],[-117.873089,33.596967],[-117.873102,33.596973],[-117.873141,33.596993],[-117.873156,33.597002],[-117.873172,33.59701],[-117.873212,33.597032],[-117.873229,33.597042],[-117.873246,33.597051],[-117.873283,33.597072],[-117.873296,33.597079],[-117.873334,33.597104],[-117.873348,33.597115],[-117.873363,33.597125],[-117.873398,33.597145],[-117.873411,33.597152],[-117.873452,33.597173],[-117.873469,33.597182],[-117.873485,33.59719],[-117.873522,33.597209],[-117.873535,33.597215],[-117.873572,33.597238],[-117.873587,33.597247],[-117.873601,33.597256],[-117.873634,33.597277],[-117.873646,33.597283],[-117.873686,33.597307],[-117.873702,33.597316],[-117.873718,33.597326],[-117.873754,33.59735],[-117.873767,33.597359],[-117.873781,33.597369],[-117.873813,33.597392],[-117.873825,33.5974],[-117.873862,33.597423],[-117.873876,33.597433],[-117.873891,33.597442],[-117.873924,33.597463],[-117.873935,33.597469],[-117.873972,33.59749],[-117.873988,33.597499],[-117.874003,33.597507],[-117.874041,33.597527],[-117.874053,33.597533],[-117.874092,33.597554],[-117.874107,33.597563],[-117.874122,33.597571],[-117.874161,33.597594],[-117.874178,33.597603],[-117.874194,33.597612],[-117.87423,33.59763],[-117.874243,33.597635],[-117.874284,33.597655],[-117.8743,33.597665],[-117.874317,33.597674],[-117.874352,33.597694],[-117.874364,33.5977],[-117.874403,33.597718],[-117.874419,33.597725],[-117.874434,33.597733],[-117.874469,33.597753],[-117.874481,33.59776],[-117.874527,33.597786],[-117.874546,33.597797],[-117.874566,33.597808],[-117.874606,33.597831],[-117.87462,33.597838],[-117.874666,33.59786],[-117.874686,33.597869],[-117.874705,33.597877],[-117.874754,33.5979],[-117.874772,33.597909],[-117.874791,33.597918],[-117.874833,33.597937],[-117.874847,33.597943],[-117.874892,33.59796],[-117.87491,33.597968],[-117.874928,33.597975],[-117.874967,33.597993],[-117.87498,33.597999],[-117.87502,33.598014],[-117.875037,33.598019],[-117.875053,33.598024],[-117.875093,33.598035],[-117.875107,33.598039],[-117.875153,33.598055],[-117.875169,33.598061],[-117.875186,33.598068],[-117.875219,33.598083],[-117.87523,33.598087],[-117.875269,33.598106],[-117.875285,33.598113],[-117.8753,33.598121],[-117.875338,33.598141],[-117.875354,33.598148],[-117.875369,33.598156],[-117.875407,33.598173],[-117.87542,33.598179],[-117.87546,33.598202],[-117.875476,33.598212],[-117.875491,33.598221],[-117.875524,33.598241],[-117.875535,33.598248],[-117.875569,33.598275],[-117.875582,33.598286],[-117.875595,33.598298],[-117.875624,33.598325],[-117.875635,33.598333],[-117.875671,33.598358],[-117.875686,33.598367],[-117.875701,33.598376],[-117.875736,33.598396],[-117.87575,33.598405],[-117.875764,33.598413],[-117.875796,33.598433],[-117.875807,33.59844],[-117.875839,33.598466],[-117.875852,33.598476],[-117.875864,33.598487],[-117.875888,33.598512],[-117.875896,33.59852],[-117.875924,33.598549],[-117.875935,33.598561],[-117.875947,33.598572],[-117.875974,33.598597],[-117.875983,33.598605],[-117.876015,33.598632],[-117.876027,33.598642],[-117.87604,33.598653],[-117.876068,33.598678],[-117.876077,33.598686],[-117.876111,33.598716],[-117.876124,33.598728],[-117.876138,33.598741],[-117.876171,33.598774],[-117.876183,33.598787],[-117.876196,33.598799],[-117.876224,33.598829],[-117.876234,33.598839],[-117.876265,33.59887],[-117.876278,33.598881],[-117.876291,33.598893],[-117.876324,33.59892],[-117.876335,33.598929],[-117.87637,33.598958],[-117.876382,33.598969],[-117.876395,33.59898],[-117.876421,33.599006],[-117.87643,33.599015],[-117.87646,33.599044],[-117.876473,33.599055],[-117.876485,33.599067],[-117.876515,33.599097],[-117.876528,33.599109],[-117.87654,33.599121],[-117.876567,33.599148],[-117.876576,33.599157],[-117.876605,33.599185],[-117.876616,33.599197],[-117.876628,33.599208],[-117.876656,33.599234],[-117.876666,33.599242],[-117.8767,33.599268],[-117.876713,33.599279],[-117.876727,33.599289],[-117.876757,33.599312],[-117.876768,33.599319],[-117.876804,33.599344],[-117.876819,33.599353],[-117.876834,33.599363],[-117.876869,33.599382],[-117.876881,33.599388],[-117.876922,33.599409],[-117.876938,33.599417],[-117.876955,33.599425],[-117.876995,33.599447],[-117.877011,33.599455],[-117.877027,33.599464],[-117.877063,33.599487],[-117.877076,33.599495],[-117.877117,33.599521],[-117.877134,33.599532],[-117.877151,33.599542],[-117.877189,33.599563],[-117.877202,33.599569],[-117.877247,33.599591],[-117.877266,33.5996],[-117.877284,33.599609],[-117.877325,33.59963],[-117.877339,33.599636],[-117.877384,33.599659],[-117.877401,33.599668],[-117.877419,33.599677],[-117.877463,33.5997],[-117.877481,33.599709],[-117.877498,33.599718],[-117.877538,33.599739],[-117.877552,33.599746],[-117.877598,33.599772],[-117.877616,33.599784],[-117.877634,33.599795],[-117.877672,33.599819],[-117.877685,33.599827],[-117.877728,33.599853],[-117.877745,33.599862],[-117.877763,33.599872],[-117.877806,33.599892],[-117.877821,33.599898],[-117.877875,33.599915],[-117.877898,33.599922],[-117.877921,33.599929],[-117.877979,33.599944],[-117.877998,33.599948],[-117.878058,33.599955],[-117.878079,33.599954],[-117.878101,33.599953],[-117.878151,33.599943],[-117.878172,33.599939],[-117.878192,33.599935],[-117.878237,33.599932],[-117.878251,33.59993],[-117.878299,33.599923],[-117.878319,33.599919],[-117.878338,33.599915],[-117.87838,33.599906],[-117.878394,33.599903],[-117.87844,33.599897],[-117.878459,33.599894],[-117.878477,33.599892],[-117.878523,33.599889],[-117.878539,33.599888],[-117.878594,33.599892],[-117.878616,33.599896],[-117.878638,33.599899],[-117.878691,33.599916],[-117.878712,33.599925],[-117.878733,33.599933],[-117.878777,33.599959],[-117.878791,33.599967],[-117.878835,33.599994],[-117.878853,33.600005],[-117.87887,33.600016],[-117.878903,33.600045],[-117.878914,33.600054],[-117.878946,33.600088],[-117.878957,33.600101],[-117.878969,33.600115],[-117.878994,33.600147],[-117.879003,33.600158],[-117.879032,33.600196],[-117.879045,33.600211],[-117.879057,33.600226],[-117.879085,33.600258],[-117.879094,33.600268],[-117.879123,33.600303],[-117.879135,33.600317],[-117.879146,33.600331],[-117.879175,33.600367],[-117.879186,33.600382],[-117.879198,33.600397],[-117.879223,33.600431],[-117.879231,33.600442],[-117.879256,33.600478],[-117.879266,33.600493],[-117.879276,33.600507],[-117.879297,33.600538],[-117.879305,33.600548],[-117.87933,33.600581],[-117.87934,33.600593],[-117.87935,33.600606],[-117.879372,33.600635],[-117.87938,33.600645],[-117.879406,33.600677],[-117.879416,33.600689],[-117.879427,33.600702],[-117.879456,33.600733],[-117.879469,33.600747],[-117.879481,33.60076],[-117.879502,33.600791],[-117.879509,33.600801],[-117.879526,33.600835],[-117.879533,33.600849],[-117.87954,33.600863],[-117.879559,33.600896],[-117.879566,33.600906],[-117.879587,33.600937],[-117.879595,33.600949],[-117.879603,33.600961],[-117.879623,33.600989],[-117.87963,33.600999],[-117.879656,33.601032],[-117.879666,33.601044],[-117.879677,33.601057],[-117.879703,33.601085],[-117.879712,33.601094],[-117.879741,33.601122],[-117.879752,33.601134],[-117.879764,33.601145],[-117.879795,33.601172],[-117.879807,33.601183],[-117.87982,33.601194],[-117.879851,33.601218],[-117.879862,33.601225],[-117.879902,33.601249],[-117.879918,33.601258],[-117.879935,33.601267],[-117.879973,33.601288],[-117.879986,33.601295],[-117.880027,33.601314],[-117.880044,33.601321],[-117.88006,33.601327],[-117.880097,33.601337],[-117.880109,33.60134],[-117.880149,33.601348],[-117.880166,33.601351],[-117.880182,33.601354],[-117.880222,33.601357],[-117.880238,33.601357],[-117.880254,33.601358],[-117.88029,33.601359],[-117.880302,33.601359],[-117.880343,33.601364],[-117.88036,33.601366],[-117.880377,33.601369],[-117.880416,33.60138],[-117.88043,33.601383],[-117.880471,33.601394],[-117.880486,33.601398],[-117.880502,33.601402],[-117.88054,33.60141],[-117.880553,33.601412],[-117.880596,33.601418],[-117.880613,33.60142],[-117.880631,33.601422],[-117.880673,33.601428],[-117.880688,33.601429],[-117.880737,33.601436],[-117.880757,33.601439],[-117.880776,33.601442],[-117.880826,33.601451],[-117.880845,33.601454],[-117.880865,33.601458],[-117.880908,33.601466],[-117.880922,33.601469],[-117.880968,33.60148],[-117.880988,33.601486],[-117.881007,33.601491],[-117.881049,33.60151],[-117.881063,33.601516],[-117.881105,33.601541],[-117.881122,33.601551],[-117.881139,33.601562],[-117.881177,33.60159],[-117.88119,33.6016],[-117.881223,33.601635],[-117.881235,33.601649],[-117.881246,33.601664],[-117.881264,33.601701],[-117.88127,33.601713],[-117.881285,33.601755],[-117.88129,33.601773],[-117.881296,33.60179],[-117.881308,33.601832],[-117.881313,33.60185],[-117.881318,33.601867],[-117.88133,33.6019],[-117.881334,33.601911],[-117.881349,33.601947],[-117.881355,33.601963],[-117.881361,33.601978],[-117.881374,33.602014],[-117.881378,33.602026],[-117.881396,33.60207],[-117.881404,33.602089],[-117.881412,33.602107],[-117.881431,33.602144],[-117.881438,33.602156],[-117.881462,33.602193],[-117.881471,33.602209],[-117.881481,33.602224],[-117.881504,33.602264],[-117.881514,33.602279],[-117.881523,33.602295],[-117.881543,33.602327],[-117.881551,33.602337],[-117.881577,33.602369],[-117.881588,33.602381],[-117.881599,33.602393],[-117.881624,33.602421],[-117.881633,33.60243],[-117.881665,33.602465],[-117.881679,33.602479],[-117.881692,33.602493],[-117.881721,33.602524],[-117.881731,33.602533],[-117.881763,33.602565],[-117.881776,33.602578],[-117.881789,33.60259],[-117.881819,33.602617],[-117.88183,33.602626],[-117.881862,33.602655],[-117.881875,33.602667],[-117.881887,33.602678],[-117.881917,33.602706],[-117.881929,33.602717],[-117.881942,33.602728],[-117.88197,33.602754],[-117.88198,33.602762],[-117.882012,33.60279],[-117.882024,33.602802],[-117.882037,33.602813],[-117.882066,33.602837],[-117.882076,33.602845],[-117.882112,33.602873],[-117.882127,33.602884],[-117.882142,33.602895],[-117.882175,33.60292],[-117.882187,33.602928],[-117.882225,33.602958],[-117.882241,33.60297],[-117.882256,33.602982],[-117.882292,33.603012],[-117.882306,33.603023],[-117.88232,33.603035],[-117.88235,33.603061],[-117.88236,33.603069],[-117.882394,33.603096],[-117.882406,33.603106],[-117.882419,33.603117],[-117.882449,33.603141],[-117.88246,33.603149],[-117.882498,33.603179],[-117.882512,33.603192],[-117.882527,33.603204],[-117.882557,33.603229],[-117.882568,33.603237],[-117.882602,33.603265],[-117.882617,33.603276],[-117.882631,33.603287],[-117.882662,33.603312],[-117.882673,33.60332],[-117.882706,33.603348],[-117.882717,33.603358],[-117.882729,33.603368],[-117.882755,33.603387],[-117.882766,33.603394],[-117.882776,33.6034],[-117.882789,33.603406],[-117.8828,33.603414],[-117.882806,33.603424],[-117.882811,33.603435],[-117.882818,33.603447],[-117.882827,33.603457],[-117.882838,33.603467],[-117.882859,33.603482],[-117.882867,33.603489],[-117.882875,33.603495],[-117.882885,33.603503],[-117.882894,33.603511],[-117.882903,33.603517],[-117.882913,33.603524],[-117.882924,33.603531],[-117.882935,33.603539],[-117.882945,33.603546],[-117.882956,33.603553],[-117.882973,33.603568],[-117.882981,33.603577],[-117.882988,33.603585],[-117.882996,33.603594],[-117.883003,33.603602],[-117.883015,33.603616],[-117.883019,33.60362],[-117.883026,33.60363],[-117.883033,33.603639],[-117.883042,33.603649],[-117.883052,33.603659],[-117.883061,33.603667],[-117.883071,33.603675],[-117.883082,33.603683],[-117.883094,33.603691],[-117.883106,33.6037],[-117.883118,33.603707],[-117.883131,33.603715],[-117.883146,33.603723],[-117.883159,33.60373],[-117.883171,33.603737],[-117.883183,33.603744],[-117.883194,33.603751],[-117.883209,33.603762],[-117.883214,33.603765],[-117.883225,33.603774],[-117.883236,33.603784],[-117.883248,33.603794],[-117.883259,33.603804],[-117.883271,33.603813],[-117.883283,33.603823],[-117.883293,33.603833],[-117.883304,33.603844],[-117.88332,33.603858],[-117.883326,33.603862],[-117.883336,33.603871],[-117.883346,33.60388],[-117.883356,33.603889],[-117.883377,33.603905],[-117.883386,33.603913],[-117.883394,33.60392],[-117.883403,33.603928],[-117.883412,33.603935],[-117.883432,33.60395],[-117.88344,33.603957],[-117.883448,33.603963],[-117.883461,33.603973],[-117.883477,33.603985],[-117.883508,33.604009],[-117.883519,33.604019],[-117.883531,33.604028],[-117.883555,33.604048],[-117.883564,33.604054],[-117.883598,33.604082],[-117.883615,33.604094],[-117.883631,33.604107],[-117.883669,33.604135],[-117.883682,33.604143],[-117.883723,33.604172],[-117.883738,33.604183],[-117.883754,33.604195],[-117.883784,33.604227],[-117.883796,33.604241],[-117.883807,33.604254],[-117.883833,33.604287],[-117.883842,33.604297],[-117.883869,33.60433],[-117.883879,33.604343],[-117.883889,33.604357],[-117.883908,33.604388],[-117.883915,33.604398],[-117.883936,33.604432],[-117.883944,33.604446],[-117.883952,33.60446],[-117.883966,33.604492],[-117.883971,33.604502],[-117.883985,33.604537],[-117.883991,33.60455],[-117.883996,33.604564],[-117.884008,33.6046],[-117.884013,33.604615],[-117.884017,33.60463],[-117.884022,33.604667],[-117.884023,33.604679],[-117.88402,33.60472],[-117.884018,33.604736],[-117.884016,33.604752],[-117.884011,33.604787],[-117.884008,33.604798],[-117.884,33.604837],[-117.883996,33.604852],[-117.883993,33.604868],[-117.883985,33.604903],[-117.883982,33.604915],[-117.883971,33.604957],[-117.883966,33.604974],[-117.883962,33.604991],[-117.883954,33.605028],[-117.883951,33.60504],[-117.883944,33.60508],[-117.883942,33.605095],[-117.883939,33.605111],[-117.883933,33.605151],[-117.883931,33.605167],[-117.883929,33.605183],[-117.883925,33.605218],[-117.883924,33.60523],[-117.883923,33.605268],[-117.883923,33.605282],[-117.883923,33.605297],[-117.883921,33.60533],[-117.88392,33.60534],[-117.883919,33.605375],[-117.883918,33.605388],[-117.883918,33.605402],[-117.883914,33.605432],[-117.883912,33.605441],[-117.883904,33.605473],[-117.8839,33.605485],[-117.883896,33.605498],[-117.883889,33.605531],[-117.883886,33.605545],[-117.883883,33.605559],[-117.883877,33.605592],[-117.883874,33.605603],[-117.883872,33.605642],[-117.883871,33.605659],[-117.883871,33.605675],[-117.883872,33.605713],[-117.883873,33.605726],[-117.88388,33.605767],[-117.883883,33.605784],[-117.883887,33.6058],[-117.883896,33.605835],[-117.8839,33.605847],[-117.883913,33.605886],[-117.883919,33.6059],[-117.883924,33.605915],[-117.883937,33.605948],[-117.883942,33.605958],[-117.883954,33.605995],[-117.883959,33.60601],[-117.883963,33.606025],[-117.883973,33.606063],[-117.883977,33.606077],[-117.883981,33.606092],[-117.883993,33.606123],[-117.883998,33.606134],[-117.884014,33.606169],[-117.884021,33.606182],[-117.884028,33.606196],[-117.884043,33.606225],[-117.884049,33.606234],[-117.884069,33.606266],[-117.884076,33.606278],[-117.884084,33.606291],[-117.8841,33.606318],[-117.884106,33.606327],[-117.884124,33.606356],[-117.884132,33.606368],[-117.884139,33.60638],[-117.884153,33.606409],[-117.884158,33.606418],[-117.884175,33.60645],[-117.884182,33.606464],[-117.884189,33.606477],[-117.88421,33.606508],[-117.88422,33.606521],[-117.884229,33.606533],[-117.884251,33.606561],[-117.884259,33.60657],[-117.884281,33.6066],[-117.88429,33.606612],[-117.884298,33.606624],[-117.884309,33.606642],[-117.88432,33.606659],[-117.884338,33.606687],[-117.884346,33.606697],[-117.884354,33.606708],[-117.884376,33.606734],[-117.884384,33.606743],[-117.884411,33.606775],[-117.884421,33.606788],[-117.884432,33.606801],[-117.884458,33.606833],[-117.884469,33.606845],[-117.884479,33.606858],[-117.884506,33.606889],[-117.884516,33.606899],[-117.884551,33.606933],[-117.884564,33.606947],[-117.884577,33.606961],[-117.884602,33.606992],[-117.88461,33.607002],[-117.884635,33.607036],[-117.884644,33.607049],[-117.884654,33.607063],[-117.884677,33.607093],[-117.884685,33.607103],[-117.884711,33.607133],[-117.884722,33.607144],[-117.884733,33.607156],[-117.884758,33.607182],[-117.884767,33.60719],[-117.884793,33.607218],[-117.884802,33.60723],[-117.884812,33.607241],[-117.884838,33.607271],[-117.884848,33.607284],[-117.884859,33.607296],[-117.884884,33.607324],[-117.884893,33.607333],[-117.884922,33.607363],[-117.884934,33.607376],[-117.884946,33.607388],[-117.884975,33.607418],[-117.884985,33.607428],[-117.885018,33.607456],[-117.885031,33.607467],[-117.885044,33.607477],[-117.885072,33.607501],[-117.885081,33.607509],[-117.885111,33.607536],[-117.885124,33.607547],[-117.885136,33.607558],[-117.885168,33.607585],[-117.885181,33.607595],[-117.885194,33.607606],[-117.885222,33.607629],[-117.885232,33.607637],[-117.88526,33.607664],[-117.885271,33.607676],[-117.885282,33.607687],[-117.885307,33.607713],[-117.885316,33.607721],[-117.885345,33.607751],[-117.885358,33.607762],[-117.88537,33.607774],[-117.8854,33.607801],[-117.88541,33.60781],[-117.885443,33.607842],[-117.885455,33.607855],[-117.885468,33.607868],[-117.885495,33.607896],[-117.885504,33.607905],[-117.885532,33.607933],[-117.885543,33.607944],[-117.885554,33.607955],[-117.885576,33.607978],[-117.885582,33.607984],[-117.885587,33.60799],[-117.885614,33.608017],[-117.885624,33.608026],[-117.885655,33.608054],[-117.885668,33.608065],[-117.88568,33.608076],[-117.885707,33.6081],[-117.885717,33.608108],[-117.885748,33.608136],[-117.88576,33.608147],[-117.885772,33.608158],[-117.885797,33.608186],[-117.885806,33.608195],[-117.885835,33.608228],[-117.885845,33.60824],[-117.885856,33.608253],[-117.885879,33.608283],[-117.885889,33.608296],[-117.885898,33.608308],[-117.885919,33.608337],[-117.885926,33.608346],[-117.885949,33.608378],[-117.885958,33.608392],[-117.885968,33.608405],[-117.88599,33.608435],[-117.885997,33.608445],[-117.886023,33.608476],[-117.886033,33.608488],[-117.886044,33.6085],[-117.88607,33.608526],[-117.886079,33.608534],[-117.886108,33.608564],[-117.88612,33.608576],[-117.886132,33.608588],[-117.886159,33.608615],[-117.886168,33.608623],[-117.886197,33.608652],[-117.886208,33.608663],[-117.88622,33.608675],[-117.886248,33.608703],[-117.886259,33.608715],[-117.88627,33.608726],[-117.886292,33.60875],[-117.886299,33.608757],[-117.886326,33.608782],[-117.886338,33.608793],[-117.886349,33.608803],[-117.88639,33.608843],[-117.886399,33.60885],[-117.886426,33.608875],[-117.886438,33.608885],[-117.886449,33.608895],[-117.886472,33.608916],[-117.88648,33.608923],[-117.886507,33.608944],[-117.886518,33.608952],[-117.886529,33.60896],[-117.886559,33.608982],[-117.88657,33.608992],[-117.886581,33.609001],[-117.886603,33.609024],[-117.88661,33.609031],[-117.886635,33.609059],[-117.886646,33.609071],[-117.886657,33.609082],[-117.886686,33.60911],[-117.886696,33.60912],[-117.886729,33.609151],[-117.886742,33.609162],[-117.886754,33.609174],[-117.886775,33.609195],[-117.886782,33.609201],[-117.886812,33.609228],[-117.886826,33.609239],[-117.88684,33.609251],[-117.886869,33.609278],[-117.886879,33.609286],[-117.886908,33.609314],[-117.88692,33.609325],[-117.886931,33.609336],[-117.886961,33.609362],[-117.886973,33.609373],[-117.886985,33.609383],[-117.887016,33.609407],[-117.887026,33.609414],[-117.88706,33.609438],[-117.887074,33.609446],[-117.887088,33.609455],[-117.887119,33.609474],[-117.88713,33.609481],[-117.887161,33.609506],[-117.887174,33.609517],[-117.887186,33.609527],[-117.887215,33.609548],[-117.887225,33.609554],[-117.887261,33.609574],[-117.887276,33.609582],[-117.88729,33.609589],[-117.887326,33.609607],[-117.887341,33.609613],[-117.887355,33.60962],[-117.887384,33.609637],[-117.887394,33.609643],[-117.887426,33.609665],[-117.88744,33.609673],[-117.887453,33.609682],[-117.887482,33.6097],[-117.887492,33.609705],[-117.887529,33.609724],[-117.887545,33.609732],[-117.88756,33.60974],[-117.887594,33.609758],[-117.887605,33.609763],[-117.887641,33.609781],[-117.887654,33.609789],[-117.887668,33.609796],[-117.887703,33.609813],[-117.887715,33.609818],[-117.887756,33.609836],[-117.887772,33.609844],[-117.887788,33.609851],[-117.887827,33.60987],[-117.887844,33.609878],[-117.88786,33.609885],[-117.887897,33.609903],[-117.88791,33.609908],[-117.887951,33.609928],[-117.887967,33.609935],[-117.887984,33.609943],[-117.888021,33.609961],[-117.888034,33.609966],[-117.888077,33.609983],[-117.888095,33.60999],[-117.888112,33.609996],[-117.888147,33.610012],[-117.888159,33.610018],[-117.888198,33.610036],[-117.888213,33.610044],[-117.888229,33.610051],[-117.888269,33.610069],[-117.888286,33.610075],[-117.888302,33.610082],[-117.888337,33.610096],[-117.888349,33.610101],[-117.888387,33.610116],[-117.888403,33.610121],[-117.888418,33.610127],[-117.88844,33.610135],[-117.88844,33.610135],[-117.888494,33.610155],[-117.888502,33.610158],[-117.88851,33.610162],[-117.888546,33.61018],[-117.888559,33.610185],[-117.888601,33.610204],[-117.888618,33.610212],[-117.888635,33.610219],[-117.888671,33.610235],[-117.888683,33.61024],[-117.888722,33.610256],[-117.888739,33.610263],[-117.888755,33.610269],[-117.888798,33.610283],[-117.888817,33.610289],[-117.888835,33.610295],[-117.888883,33.610312],[-117.888907,33.610319],[-117.888956,33.610334],[-117.888976,33.61034],[-117.888996,33.610346],[-117.889025,33.610355],[-117.889025,33.610355],[-117.889069,33.610369],[-117.889087,33.610374],[-117.889104,33.610379],[-117.889141,33.61039],[-117.889153,33.610394],[-117.889196,33.610407],[-117.889214,33.610411],[-117.889232,33.610416],[-117.889274,33.610427],[-117.889289,33.61043],[-117.889336,33.610442],[-117.889354,33.610447],[-117.889372,33.610451],[-117.889416,33.610461],[-117.889434,33.610464],[-117.889451,33.610468],[-117.889493,33.610476],[-117.889508,33.610479],[-117.889557,33.610487],[-117.889577,33.610491],[-117.889596,33.610494],[-117.889638,33.6105],[-117.889652,33.610501],[-117.889699,33.610504],[-117.889719,33.610504],[-117.889738,33.610505],[-117.889782,33.610507],[-117.889797,33.610507],[-117.889846,33.610511],[-117.889867,33.610514],[-117.889887,33.610516],[-117.889937,33.610524],[-117.889958,33.610528],[-117.889978,33.610531],[-117.890025,33.610537],[-117.890041,33.610538],[-117.890089,33.61054],[-117.890106,33.610541],[-117.890124,33.610541],[-117.890156,33.610539],[-117.890166,33.610538],[-117.890185,33.610537],[-117.890202,33.610536],[-117.890215,33.610536],[-117.890241,33.610535],[-117.890256,33.610536],[-117.89027,33.610536],[-117.890285,33.610537],[-117.8903,33.610537],[-117.89032,33.610538],[-117.890333,33.61054],[-117.890341,33.610543],[-117.890348,33.610549],[-117.890358,33.610555],[-117.890372,33.610559],[-117.890385,33.610561],[-117.890398,33.610562],[-117.890411,33.610561],[-117.890422,33.610559],[-117.89043,33.610558],[-117.890437,33.610555],[-117.890446,33.610553],[-117.890458,33.610552],[-117.890475,33.610552],[-117.890508,33.610555],[-117.890522,33.610556],[-117.890537,33.610558],[-117.89057,33.610559],[-117.890582,33.610559],[-117.89062,33.61056],[-117.890635,33.610561],[-117.89065,33.610561],[-117.890697,33.610561],[-117.890717,33.610562],[-117.890736,33.610562],[-117.890776,33.610564],[-117.89079,33.610564],[-117.890835,33.610568],[-117.890852,33.61057],[-117.89087,33.610571],[-117.890912,33.610572],[-117.890926,33.610572],[-117.890973,33.610572],[-117.890991,33.610572],[-117.89101,33.610572],[-117.891048,33.610573],[-117.891061,33.610573],[-117.891103,33.610574],[-117.89112,33.610574],[-117.891138,33.610574],[-117.891178,33.610575],[-117.891191,33.610575],[-117.891235,33.610579],[-117.891252,33.61058],[-117.89127,33.610582],[-117.891316,33.610587],[-117.891336,33.610588],[-117.891355,33.61059],[-117.8914,33.610593],[-117.891415,33.610593],[-117.891461,33.610596],[-117.891479,33.610597],[-117.891497,33.610598],[-117.891538,33.610601],[-117.891552,33.610601],[-117.891599,33.610604],[-117.891619,33.610604],[-117.891638,33.610605],[-117.891685,33.610607],[-117.891702,33.610607],[-117.891759,33.610613],[-117.891782,33.610615],[-117.891805,33.610618],[-117.891856,33.610625],[-117.891875,33.610629],[-117.891895,33.610632],[-117.891939,33.610639],[-117.891953,33.610641],[-117.892004,33.610645],[-117.892024,33.610645],[-117.892045,33.610646],[-117.892092,33.610647],[-117.892107,33.610647],[-117.892158,33.610649],[-117.892177,33.61065],[-117.892197,33.610652],[-117.892241,33.610659],[-117.892256,33.610661],[-117.892306,33.610668],[-117.892326,33.61067],[-117.892346,33.610673],[-117.89239,33.610679],[-117.892405,33.610681],[-117.892455,33.61069],[-117.892476,33.610693],[-117.892496,33.610697],[-117.892546,33.610703],[-117.892564,33.610705],[-117.892583,33.610707],[-117.892622,33.610711],[-117.892636,33.610712],[-117.892682,33.610719],[-117.892701,33.610722],[-117.89272,33.610725],[-117.892763,33.610734],[-117.892778,33.610737],[-117.892826,33.61075],[-117.892845,33.610757],[-117.892864,33.610763],[-117.892909,33.610779],[-117.892924,33.610784],[-117.892971,33.610801],[-117.89299,33.610807],[-117.893008,33.610814],[-117.89305,33.61083],[-117.893066,33.610837],[-117.893083,33.610843],[-117.893122,33.610857],[-117.893135,33.610861],[-117.893179,33.610873],[-117.893197,33.610877],[-117.893215,33.610882],[-117.893254,33.610892],[-117.893267,33.610895],[-117.893311,33.610907],[-117.89333,33.610912],[-117.893348,33.610917],[-117.893386,33.610929],[-117.893399,33.610933],[-117.893439,33.610947],[-117.893454,33.610952],[-117.89347,33.610958],[-117.893505,33.610975],[-117.893517,33.610981],[-117.893553,33.611006],[-117.893566,33.611016],[-117.89358,33.611027],[-117.893613,33.61105],[-117.893625,33.611059],[-117.893638,33.611067],[-117.893667,33.611083],[-117.893677,33.611087],[-117.893708,33.611106],[-117.893721,33.611114],[-117.893734,33.611123],[-117.893766,33.611144],[-117.893777,33.611151],[-117.893814,33.611172],[-117.893829,33.611181],[-117.893844,33.61119],[-117.893878,33.611212],[-117.89389,33.611219],[-117.893927,33.611242],[-117.893941,33.611251],[-117.893956,33.61126],[-117.893993,33.611286],[-117.894007,33.611296],[-117.894021,33.611307],[-117.894048,33.611331],[-117.894057,33.611338],[-117.894088,33.611362],[-117.894102,33.611372],[-117.894115,33.611382],[-117.894147,33.611405],[-117.894158,33.611413],[-117.894194,33.611439],[-117.894207,33.611449],[-117.894221,33.611459],[-117.894254,33.61148],[-117.894265,33.611487],[-117.894303,33.611509],[-117.894319,33.611518],[-117.894334,33.611527],[-117.89437,33.611545],[-117.894383,33.611551],[-117.894423,33.611571],[-117.894438,33.611579],[-117.894454,33.611587],[-117.89449,33.611607],[-117.894505,33.611614],[-117.894519,33.611622],[-117.89455,33.611641],[-117.894561,33.611647],[-117.894597,33.611665],[-117.894613,33.611671],[-117.894628,33.611678],[-117.894665,33.611693],[-117.894678,33.611698],[-117.89472,33.611713],[-117.894736,33.61172],[-117.894753,33.611726],[-117.894792,33.611739],[-117.894805,33.611743],[-117.894846,33.611756],[-117.894862,33.611762],[-117.894878,33.611767],[-117.894921,33.611781],[-117.894938,33.611786],[-117.894956,33.611791],[-117.894995,33.6118],[-117.895008,33.611803],[-117.895048,33.611811],[-117.895065,33.611815],[-117.895081,33.611818],[-117.895119,33.611826],[-117.895131,33.611828],[-117.895171,33.611835],[-117.895186,33.611838],[-117.895201,33.61184],[-117.895234,33.611847],[-117.895245,33.611849],[-117.895283,33.61186],[-117.895299,33.611865],[-117.895314,33.61187],[-117.895346,33.611878],[-117.895356,33.61188],[-117.895366,33.611881],[-117.895376,33.611883],[-117.895386,33.611884],[-117.895397,33.611884],[-117.895408,33.611884],[-117.895418,33.611885],[-117.895429,33.611886],[-117.895442,33.611888],[-117.895456,33.611891],[-117.89547,33.611893],[-117.895485,33.611894],[-117.895498,33.611896],[-117.89551,33.611897],[-117.89552,33.611898],[-117.89553,33.611898],[-117.895542,33.611898],[-117.895561,33.6119],[-117.895568,33.6119],[-117.895599,33.611903],[-117.895612,33.611903],[-117.895625,33.611904],[-117.895641,33.611904],[-117.895652,33.611905],[-117.895661,33.611906],[-117.895672,33.611907],[-117.895686,33.611907],[-117.895701,33.611907],[-117.895716,33.611908],[-117.895732,33.61191],[-117.895748,33.611913],[-117.895763,33.611915],[-117.895778,33.611917],[-117.895794,33.611918],[-117.89581,33.611919],[-117.895833,33.611922],[-117.895841,33.611923],[-117.895868,33.611926],[-117.895879,33.611928],[-117.89589,33.611929],[-117.895907,33.611931],[-117.895923,33.611933],[-117.895936,33.611934],[-117.895949,33.611936],[-117.895963,33.611937],[-117.895989,33.611939],[-117.896001,33.611941],[-117.896013,33.611942],[-117.896042,33.611947],[-117.896053,33.611949],[-117.896093,33.611956],[-117.896109,33.611959],[-117.896126,33.611962],[-117.896159,33.611966],[-117.89617,33.611967],[-117.896212,33.611972],[-117.896233,33.611974],[-117.896255,33.611977],[-117.896312,33.611985],[-117.896331,33.611988],[-117.896387,33.611999],[-117.896408,33.612003],[-117.89643,33.612008],[-117.896476,33.612019],[-117.896491,33.612022],[-117.89654,33.612032],[-117.89656,33.612035],[-117.896579,33.612039],[-117.89663,33.61205],[-117.896652,33.612054],[-117.896673,33.612059],[-117.896716,33.61207],[-117.896731,33.612073],[-117.896776,33.612086],[-117.896795,33.612092],[-117.896813,33.612098],[-117.896853,33.612116],[-117.896867,33.612122],[-117.89691,33.612141],[-117.896927,33.612148],[-117.896944,33.612156],[-117.896982,33.612173],[-117.896995,33.612179],[-117.897037,33.612198],[-117.897054,33.612206],[-117.89707,33.612213],[-117.897109,33.61223],[-117.897125,33.612237],[-117.897141,33.612244],[-117.897181,33.61226],[-117.897195,33.612265],[-117.897238,33.612284],[-117.897255,33.612291],[-117.897271,33.612299],[-117.897306,33.612318],[-117.897318,33.612324],[-117.897356,33.612345],[-117.897371,33.612353],[-117.897385,33.612361],[-117.897418,33.61238],[-117.89743,33.612386],[-117.897468,33.612406],[-117.897482,33.612414],[-117.897497,33.612422],[-117.897531,33.612441],[-117.897543,33.612447],[-117.897582,33.612469],[-117.897598,33.612478],[-117.897613,33.612487],[-117.897649,33.612509],[-117.897664,33.612518],[-117.897678,33.612526],[-117.89771,33.612546],[-117.897721,33.612553],[-117.897757,33.612576],[-117.897771,33.612584],[-117.897785,33.612593],[-117.897821,33.612613],[-117.897834,33.612619],[-117.897876,33.612641],[-117.897891,33.61265],[-117.897907,33.612658],[-117.89794,33.612676],[-117.897952,33.612681],[-117.897991,33.612704],[-117.898008,33.612715],[-117.898024,33.612725],[-117.898062,33.612753],[-117.898077,33.612764],[-117.898092,33.612775],[-117.898128,33.612797],[-117.898141,33.612804],[-117.898182,33.612827],[-117.898199,33.612836],[-117.898215,33.612845],[-117.898248,33.612866],[-117.898259,33.612873],[-117.898297,33.612898],[-117.898313,33.612907],[-117.898328,33.612917],[-117.898363,33.612936],[-117.898375,33.612942],[-117.898417,33.612963],[-117.898435,33.612973],[-117.898452,33.612982],[-117.89849,33.613002],[-117.898502,33.613008],[-117.898541,33.61303],[-117.898556,33.613039],[-117.898571,33.613048],[-117.898607,33.613072],[-117.898622,33.613081],[-117.898636,33.613091],[-117.898667,33.613115],[-117.898678,33.613123],[-117.898713,33.61315],[-117.898728,33.613162],[-117.898742,33.613173],[-117.898771,33.613197],[-117.898781,33.613205],[-117.898813,33.61323],[-117.898827,33.61324],[-117.89884,33.61325],[-117.898868,33.613273],[-117.898877,33.61328],[-117.898907,33.613309],[-117.898919,33.61332],[-117.898931,33.613332],[-117.898959,33.613361],[-117.898971,33.613372],[-117.898982,33.613383],[-117.899008,33.613408],[-117.899018,33.613416],[-117.899051,33.613442],[-117.899064,33.613451],[-117.899077,33.613461],[-117.899105,33.613484],[-117.899114,33.613492],[-117.899143,33.61352],[-117.899154,33.613531],[-117.899166,33.613542],[-117.899191,33.613566],[-117.899199,33.613573],[-117.899226,33.613599],[-117.899238,33.613609],[-117.899249,33.613619],[-117.899274,33.613642],[-117.899283,33.613649],[-117.89931,33.613676],[-117.89932,33.613686],[-117.899331,33.613697],[-117.899358,33.613723],[-117.899368,33.613734],[-117.899379,33.613744],[-117.899407,33.613767],[-117.899416,33.613774],[-117.899449,33.613799],[-117.899463,33.613808],[-117.899476,33.613818],[-117.899505,33.613841],[-117.899515,33.613848],[-117.899545,33.61387],[-117.899556,33.613879],[-117.899568,33.613888],[-117.899595,33.613911],[-117.899604,33.613918],[-117.899633,33.613943],[-117.899644,33.613952],[-117.899655,33.613962],[-117.899683,33.613989],[-117.899694,33.614001],[-117.899706,33.614012],[-117.899733,33.61404],[-117.899742,33.614049],[-117.899774,33.614083],[-117.899788,33.614098],[-117.899801,33.614112],[-117.899829,33.614142],[-117.899839,33.614152],[-117.899869,33.614184],[-117.89988,33.614197],[-117.899891,33.61421],[-117.899912,33.614239],[-117.899919,33.614249],[-117.899939,33.614282],[-117.899948,33.614295],[-117.899956,33.614309],[-117.899972,33.614343],[-117.899977,33.614354],[-117.899993,33.614393],[-117.9,33.614408],[-117.900006,33.614424],[-117.900023,33.614459],[-117.90003,33.614473],[-117.900037,33.614486],[-117.900055,33.614518],[-117.900062,33.614528],[-117.900083,33.61456],[-117.900092,33.614572],[-117.9001,33.614584],[-117.900118,33.614614],[-117.900124,33.614625],[-117.900143,33.614663],[-117.900151,33.614678],[-117.900158,33.614693],[-117.900174,33.614725],[-117.900179,33.614735],[-117.900198,33.614769],[-117.900205,33.614783],[-117.900213,33.614797],[-117.900232,33.614828],[-117.900239,33.614838],[-117.900263,33.614871],[-117.900272,33.614884],[-117.900282,33.614897],[-117.900305,33.614934],[-117.900315,33.614949],[-117.900324,33.614964],[-117.900346,33.614996],[-117.900354,33.615007],[-117.900379,33.615044],[-117.900388,33.615059],[-117.900398,33.615074],[-117.900416,33.615106],[-117.900422,33.615116],[-117.900441,33.615149],[-117.900449,33.615162],[-117.900457,33.615175],[-117.900475,33.615204],[-117.900482,33.615213],[-117.900503,33.615245],[-117.900511,33.615258],[-117.900519,33.615271],[-117.900537,33.615306],[-117.900545,33.615321],[-117.900552,33.615335],[-117.900567,33.615368],[-117.900572,33.615379],[-117.900587,33.615415],[-117.900594,33.61543],[-117.9006,33.615444],[-117.900613,33.615475],[-117.900618,33.615485],[-117.900634,33.61552],[-117.900639,33.615533],[-117.900645,33.615547],[-117.900659,33.615575],[-117.900664,33.615584],[-117.900684,33.615614],[-117.900692,33.615626],[-117.9007,33.615638],[-117.900717,33.615666],[-117.900723,33.615675],[-117.900743,33.615706],[-117.900752,33.615719],[-117.90076,33.615731],[-117.900782,33.615761],[-117.900791,33.615772],[-117.9008,33.615784],[-117.900819,33.615809],[-117.900826,33.615817],[-117.900848,33.615841],[-117.900858,33.61585],[-117.900867,33.615858],[-117.900892,33.615866],[-117.900902,33.615866],[-117.900943,33.615861],[-117.900961,33.615859],[-117.900978,33.615857],[-117.901016,33.615857],[-117.901028,33.615857],[-117.901069,33.615858],[-117.901085,33.615859],[-117.901102,33.615859],[-117.901147,33.615859],[-117.901164,33.61586],[-117.901182,33.615861],[-117.90122,33.615868],[-117.901233,33.615871],[-117.90127,33.615885],[-117.901285,33.615891],[-117.901299,33.615897],[-117.901333,33.615915],[-117.901344,33.615922],[-117.90138,33.615942],[-117.901395,33.61595],[-117.901409,33.615957],[-117.901444,33.615965],[-117.901457,33.615966],[-117.901502,33.615968],[-117.901519,33.615968],[-117.901537,33.615969],[-117.901576,33.61597],[-117.901589,33.61597],[-117.901633,33.615971],[-117.901651,33.615972],[-117.901668,33.615973],[-117.901713,33.615974],[-117.901731,33.615974],[-117.90175,33.615974],[-117.901792,33.615974],[-117.901805,33.615974],[-117.901853,33.615972],[-117.901872,33.615972],[-117.901892,33.615971],[-117.901936,33.61597],[-117.90195,33.61597],[-117.901992,33.615968],[-117.902009,33.615967],[-117.902025,33.615967],[-117.902065,33.615967],[-117.902078,33.615967],[-117.902125,33.615967],[-117.902145,33.615967],[-117.902164,33.615966],[-117.902211,33.615964],[-117.902228,33.615962],[-117.902246,33.615961],[-117.902285,33.615957],[-117.902298,33.615955],[-117.902343,33.615951],[-117.902362,33.61595],[-117.902381,33.615949],[-117.902425,33.615948],[-117.90244,33.615948],[-117.902488,33.615949],[-117.902507,33.61595],[-117.902526,33.615951],[-117.902564,33.615955],[-117.902577,33.615956],[-117.902622,33.615957],[-117.902641,33.615958],[-117.90266,33.615958],[-117.902702,33.61596],[-117.902716,33.61596],[-117.902763,33.615964],[-117.902782,33.615965],[-117.9028,33.615967],[-117.902844,33.615973],[-117.90286,33.615977],[-117.902877,33.61598],[-117.902908,33.615995],[-117.902918,33.616001],[-117.902938,33.616032],[-117.902943,33.616047],[-117.902949,33.616061],[-117.902957,33.616096],[-117.90296,33.616107],[-117.902973,33.61614],[-117.902979,33.616152],[-117.902986,33.616165],[-117.903008,33.616191],[-117.903017,33.616199],[-117.903057,33.616217],[-117.903074,33.616223],[-117.903092,33.616229],[-117.903136,33.616241],[-117.903153,33.616245],[-117.903169,33.61625],[-117.903202,33.616261],[-117.903214,33.616265],[-117.903253,33.616276],[-117.90327,33.616279],[-117.903286,33.616283],[-117.903325,33.616288],[-117.903339,33.616289],[-117.903384,33.616296],[-117.903402,33.616299],[-117.903421,33.616302],[-117.903464,33.616309],[-117.903478,33.616311],[-117.903524,33.616322],[-117.903543,33.616328],[-117.903561,33.616333],[-117.903595,33.616351],[-117.903606,33.616358],[-117.90363,33.616384],[-117.903639,33.616394],[-117.903647,33.616405],[-117.903673,33.616436],[-117.903685,33.616449],[-117.903698,33.616461],[-117.903734,33.616483],[-117.903746,33.61649],[-117.903784,33.616511],[-117.903799,33.61652],[-117.903813,33.616528],[-117.903844,33.616546],[-117.903855,33.616552],[-117.903889,33.616571],[-117.903901,33.616579],[-117.903914,33.616587],[-117.903933,33.616609],[-117.903939,33.616617],[-117.903945,33.616649],[-117.903946,33.616664],[-117.903946,33.616678],[-117.903934,33.616719],[-117.903927,33.616735],[-117.903921,33.616751],[-117.903902,33.616785],[-117.903895,33.616796],[-117.903879,33.616827],[-117.903874,33.616839],[-117.903869,33.61685],[-117.903867,33.616875],[-117.903868,33.616883],[-117.903874,33.616912],[-117.903876,33.616923],[-117.903879,33.616935],[-117.90388,33.616957],[-117.90388,33.616963],[-117.90388,33.616976],[-117.903881,33.616986],[-117.903884,33.616994],[-117.903885,33.617],[-117.903883,33.617007],[-117.903877,33.617016],[-117.903869,33.617027],[-117.903859,33.617039],[-117.90385,33.61705],[-117.903841,33.617061],[-117.903833,33.61707],[-117.903825,33.617078],[-117.903818,33.617085],[-117.903812,33.617093],[-117.903806,33.617101],[-117.903799,33.617109],[-117.90379,33.617117],[-117.903782,33.617127],[-117.903774,33.617136],[-117.903764,33.617146],[-117.903752,33.617155],[-117.903731,33.61717],[-117.903723,33.617175],[-117.903694,33.617193],[-117.903683,33.617199],[-117.903671,33.617206],[-117.903643,33.617218],[-117.903633,33.617221],[-117.903591,33.617233],[-117.903573,33.617237],[-117.903554,33.617242],[-117.903507,33.617249],[-117.903491,33.617251],[-117.903475,33.617252],[-117.903439,33.617251],[-117.903426,33.61725],[-117.903374,33.617247],[-117.903353,33.617245],[-117.903331,33.617244],[-117.903285,33.617241],[-117.903271,33.61724],[-117.903224,33.617237],[-117.903206,33.617236],[-117.903187,33.617235],[-117.903146,33.617236],[-117.903132,33.617236],[-117.903086,33.617237],[-117.903067,33.617237],[-117.903049,33.617237],[-117.903001,33.617232],[-117.902983,33.61723],[-117.902964,33.617227],[-117.902921,33.617221],[-117.902907,33.617218],[-117.90286,33.617209],[-117.902842,33.617206],[-117.902823,33.617202],[-117.902782,33.617192],[-117.902769,33.617188],[-117.902729,33.617175],[-117.902713,33.617169],[-117.902698,33.617164],[-117.902662,33.617157],[-117.90265,33.617155],[-117.902606,33.617148],[-117.902589,33.617144],[-117.902571,33.617141],[-117.902532,33.617133],[-117.902519,33.61713],[-117.902476,33.61712],[-117.902459,33.617117],[-117.902441,33.617113],[-117.902395,33.617103],[-117.902377,33.6171],[-117.902359,33.617096],[-117.90232,33.617089],[-117.902307,33.617087],[-117.902266,33.61708],[-117.90225,33.617077],[-117.902234,33.617074],[-117.902196,33.617066],[-117.902183,33.617063],[-117.902138,33.617055],[-117.902121,33.617052],[-117.902103,33.617049],[-117.902061,33.617043],[-117.902047,33.61704],[-117.901995,33.617033],[-117.901975,33.61703],[-117.901954,33.617028],[-117.901903,33.617026],[-117.901882,33.617026],[-117.901861,33.617025],[-117.901814,33.617024],[-117.901799,33.617023],[-117.90175,33.617021],[-117.901732,33.617021],[-117.901713,33.61702],[-117.901671,33.617016],[-117.901657,33.617015],[-117.901611,33.617011],[-117.901594,33.617009],[-117.901576,33.617008],[-117.901537,33.617005],[-117.901525,33.617003],[-117.90148,33.616998],[-117.901462,33.616996],[-117.901444,33.616993],[-117.901402,33.616986],[-117.901388,33.616983],[-117.90134,33.616977],[-117.90132,33.616974],[-117.901301,33.616972],[-117.901255,33.616966],[-117.901238,33.616964],[-117.90122,33.616961],[-117.901181,33.616954],[-117.901168,33.616951],[-117.901124,33.616943],[-117.901108,33.61694],[-117.901091,33.616937],[-117.901053,33.61693],[-117.901041,33.616927],[-117.901,33.616916],[-117.900983,33.61691],[-117.900967,33.616905],[-117.900935,33.616887],[-117.900926,33.616879],[-117.900906,33.616843],[-117.900902,33.616827],[-117.900897,33.616811],[-117.900901,33.616768],[-117.900904,33.61675],[-117.900908,33.616733],[-117.900919,33.616694],[-117.900923,33.61668],[-117.900935,33.616637],[-117.900939,33.616621],[-117.900944,33.616604],[-117.900954,33.616567],[-117.900958,33.616555],[-117.900974,33.616518],[-117.90098,33.616504],[-117.900987,33.61649],[-117.901008,33.616462],[-117.901016,33.616453],[-117.901052,33.616433],[-117.901068,33.616426],[-117.901085,33.61642],[-117.901128,33.616414],[-117.901142,33.616412],[-117.901194,33.61641],[-117.901216,33.616411],[-117.901238,33.616411],[-117.90129,33.616413],[-117.901311,33.616413],[-117.901331,33.616414],[-117.901374,33.616416],[-117.901389,33.616417],[-117.901436,33.616421],[-117.901455,33.616423],[-117.901474,33.616424],[-117.901515,33.616425],[-117.901528,33.616424],[-117.901573,33.616424],[-117.901591,33.616423],[-117.901609,33.616423],[-117.901649,33.616424],[-117.901662,33.616424],[-117.901703,33.616422],[-117.90172,33.616422],[-117.901736,33.616421],[-117.901778,33.616419],[-117.901795,33.616418],[-117.901812,33.616417],[-117.901853,33.616415],[-117.901867,33.616414],[-117.901911,33.616416],[-117.901929,33.616417],[-117.901946,33.616419],[-117.901986,33.616426],[-117.901999,33.616428],[-117.902042,33.616434],[-117.90206,33.616437],[-117.902077,33.616439],[-117.902115,33.616444],[-117.902128,33.616445],[-117.902169,33.616451],[-117.902186,33.616454],[-117.902202,33.616457],[-117.902239,33.616462],[-117.902252,33.616464],[-117.902291,33.616471],[-117.902307,33.616474],[-117.902322,33.616477],[-117.902354,33.616484],[-117.902366,33.616488],[-117.902379,33.616491],[-117.902391,33.616495],[-117.902404,33.616499],[-117.902434,33.616509],[-117.902447,33.616515],[-117.90246,33.61652],[-117.902478,33.61653],[-117.902496,33.61654],[-117.902525,33.616553],[-117.902536,33.616558],[-117.902547,33.616562],[-117.902568,33.616568],[-117.902575,33.616569],[-117.9026,33.616575],[-117.90261,33.616577],[-117.902621,33.616579],[-117.902638,33.616583],[-117.902653,33.616587],[-117.902669,33.61659],[-117.902693,33.616594],[-117.902701,33.616595],[-117.902716,33.616598],[-117.902732,33.6166],[-117.902746,33.616603],[-117.902761,33.616607],[-117.902775,33.616611],[-117.9028,33.616618],[-117.90281,33.61662],[-117.90282,33.616623],[-117.902835,33.616627],[-117.902851,33.61663],[-117.902867,33.616632],[-117.902881,33.616635],[-117.902895,33.616639],[-117.902908,33.616644],[-117.902922,33.616647],[-117.902935,33.616651],[-117.902948,33.616654],[-117.902963,33.616658],[-117.902977,33.616662],[-117.902992,33.616666],[-117.903008,33.61667],[-117.903024,33.616673],[-117.903039,33.616676],[-117.903055,33.616679],[-117.903071,33.616682],[-117.903087,33.616686],[-117.903104,33.616689],[-117.903121,33.616693],[-117.903156,33.616701],[-117.903171,33.616705],[-117.903186,33.616708],[-117.903222,33.616718],[-117.903234,33.616721],[-117.903274,33.616733],[-117.903292,33.616737],[-117.903311,33.616742],[-117.903379,33.616755],[-117.903406,33.616761],[-117.903433,33.616766],[-117.903484,33.616778],[-117.903501,33.616781],[-117.903554,33.616795],[-117.903574,33.616801],[-117.903595,33.616806],[-117.903641,33.616818],[-117.903656,33.616822],[-117.903704,33.616833],[-117.903724,33.616837],[-117.903743,33.616841],[-117.903785,33.616847],[-117.903799,33.616849],[-117.903849,33.616856],[-117.903869,33.616858],[-117.903889,33.616861],[-117.903931,33.616868],[-117.903945,33.61687],[-117.903992,33.616875],[-117.904011,33.616877],[-117.90403,33.616879],[-117.904077,33.616882],[-117.904097,33.616884],[-117.904116,33.616885],[-117.904159,33.616887],[-117.904173,33.616888],[-117.904221,33.616892],[-117.90424,33.616894],[-117.904259,33.616896],[-117.904301,33.616899],[-117.904315,33.6169],[-117.904359,33.616901],[-117.904377,33.616901],[-117.904394,33.616902],[-117.904434,33.616904],[-117.904448,33.616905],[-117.904493,33.616907],[-117.904511,33.616909],[-117.904529,33.61691],[-117.90457,33.61691],[-117.904584,33.61691],[-117.904627,33.616907],[-117.904645,33.616906],[-117.904662,33.616905],[-117.904709,33.616904],[-117.904728,33.616905],[-117.904747,33.616905],[-117.904786,33.616905],[-117.904799,33.616905],[-117.904842,33.616904],[-117.904859,33.616903],[-117.904877,33.616903],[-117.904919,33.616901],[-117.904933,33.6169],[-117.904977,33.616897],[-117.904994,33.616896],[-117.90501,33.616895],[-117.905044,33.616894],[-117.905055,33.616893],[-117.905088,33.61689],[-117.905101,33.616888],[-117.905113,33.616887],[-117.905128,33.616885],[-117.905141,33.616884],[-117.905153,33.616883],[-117.905167,33.616883],[-117.905186,33.616882],[-117.905229,33.616878],[-117.905248,33.616877],[-117.905267,33.616875],[-117.905316,33.616868],[-117.905332,33.616865],[-117.905385,33.616856],[-117.905406,33.616852],[-117.905427,33.616848],[-117.905475,33.61684],[-117.905491,33.616837],[-117.905542,33.616828],[-117.905562,33.616824],[-117.905583,33.61682],[-117.905627,33.616808],[-117.905641,33.616804],[-117.905686,33.616791],[-117.905703,33.616787],[-117.905721,33.616782],[-117.90577,33.61677],[-117.905789,33.616765],[-117.905809,33.61676],[-117.905851,33.616748],[-117.905865,33.616743],[-117.905908,33.616729],[-117.905926,33.616723],[-117.905943,33.616717],[-117.90598,33.616704],[-117.905992,33.6167],[-117.906014,33.616694],[-117.906034,33.616688],[-117.906056,33.616681],[-117.906096,33.616672],[-117.90611,33.616669],[-117.906159,33.616658],[-117.906178,33.616653],[-117.906198,33.616648],[-117.906249,33.616633],[-117.906269,33.616627],[-117.90629,33.616621],[-117.906335,33.61661],[-117.90635,33.616606],[-117.906398,33.616595],[-117.906417,33.616592],[-117.906436,33.616588],[-117.906478,33.61658],[-117.906492,33.616578],[-117.906541,33.616573],[-117.90656,33.616571],[-117.90658,33.61657],[-117.906625,33.616572],[-117.90664,33.616574],[-117.906689,33.616588],[-117.906709,33.616596],[-117.906728,33.616603],[-117.906769,33.616626],[-117.906782,33.616634],[-117.906816,33.616669],[-117.906828,33.616684],[-117.90684,33.616699],[-117.906859,33.61674],[-117.906865,33.616758],[-117.906871,33.616775],[-117.906879,33.616814],[-117.906882,33.616827],[-117.906886,33.616869],[-117.906888,33.616886],[-117.906889,33.616903],[-117.906891,33.616941],[-117.906891,33.616953],[-117.906889,33.616993],[-117.906886,33.61701],[-117.906884,33.617026],[-117.906876,33.617064],[-117.906873,33.617076],[-117.906863,33.617117],[-117.906858,33.617133],[-117.906854,33.617149],[-117.906841,33.61719],[-117.906837,33.617206],[-117.906832,33.617223],[-117.906824,33.617261],[-117.906822,33.617273],[-117.906816,33.617311],[-117.906814,33.617326],[-117.906812,33.617341],[-117.906808,33.617376],[-117.906806,33.617387],[-117.906801,33.617426],[-117.906799,33.617441],[-117.906797,33.617457],[-117.906792,33.617493],[-117.90679,33.617504],[-117.906787,33.617543],[-117.906786,33.617557],[-117.906785,33.617572],[-117.906784,33.617606],[-117.906783,33.617618],[-117.906783,33.617654],[-117.906783,33.617669],[-117.906784,33.617683],[-117.906788,33.617718],[-117.90679,33.617733],[-117.906792,33.617747],[-117.906797,33.617782],[-117.906799,33.617793],[-117.906802,33.617831],[-117.906803,33.617845],[-117.906804,33.61786],[-117.906809,33.617893],[-117.906811,33.617904],[-117.906822,33.617941],[-117.906826,33.617956],[-117.906831,33.61797],[-117.906842,33.618003],[-117.906847,33.618014],[-117.906861,33.618048],[-117.906868,33.618062],[-117.906874,33.618075],[-117.906891,33.618108],[-117.906897,33.61812],[-117.906903,33.618133],[-117.906914,33.618161],[-117.906918,33.61817],[-117.906932,33.618202],[-117.906937,33.618215],[-117.906943,33.618228],[-117.906957,33.618258],[-117.906962,33.618268],[-117.906976,33.6183],[-117.906982,33.618313],[-117.906987,33.618326],[-117.906999,33.618358],[-117.907003,33.618369],[-117.90702,33.618405],[-117.907026,33.618418],[-117.907033,33.618432],[-117.907049,33.618461],[-117.907054,33.61847],[-117.907071,33.618503],[-117.907079,33.618516],[-117.907086,33.618529],[-117.907102,33.61856],[-117.907109,33.618572],[-117.907115,33.618584],[-117.907128,33.61861],[-117.907133,33.618618],[-117.907147,33.618647],[-117.907152,33.61866],[-117.907158,33.618672],[-117.907172,33.618702],[-117.907177,33.618712],[-117.907195,33.618744],[-117.907203,33.618758],[-117.90721,33.618771],[-117.907228,33.618803],[-117.907234,33.618814],[-117.907253,33.618849],[-117.907261,33.618864],[-117.907268,33.618878],[-117.907288,33.618912],[-117.907295,33.618925],[-117.907303,33.618939],[-117.90732,33.618969],[-117.907326,33.618979],[-117.907343,33.619009],[-117.90735,33.619021],[-117.907357,33.619033],[-117.907374,33.619059],[-117.90738,33.619068],[-117.9074,33.619097],[-117.907408,33.619108],[-117.907416,33.61912],[-117.907432,33.619147],[-117.907437,33.619156],[-117.907452,33.619189],[-117.907458,33.619202],[-117.907464,33.619215],[-117.907479,33.619242],[-117.907485,33.619251],[-117.907501,33.619285],[-117.907507,33.619299],[-117.907512,33.619312],[-117.907514,33.619343],[-117.907513,33.619356],[-117.907513,33.619369],[-117.907512,33.619382],[-117.907511,33.619395],[-117.907509,33.619423],[-117.907509,33.619433],[-117.907509,33.619444],[-117.907511,33.619455],[-117.907513,33.619463],[-117.907515,33.619472],[-117.907516,33.619483],[-117.907518,33.619495],[-117.907518,33.619506],[-117.907518,33.619519],[-117.907518,33.619531],[-117.907518,33.619544],[-117.907519,33.619557],[-117.907521,33.619576],[-117.907522,33.619581],[-117.907524,33.619592],[-117.907525,33.619604],[-117.907525,33.619617],[-117.907525,33.619638],[-117.907526,33.619646],[-117.907526,33.619655],[-117.907528,33.619666],[-117.90753,33.619676],[-117.907532,33.619696],[-117.907532,33.619705],[-117.907532,33.619713],[-117.907532,33.619722],[-117.907532,33.619731],[-117.907532,33.619743],[-117.907532,33.619755],[-117.907532,33.619767],[-117.90753,33.619788],[-117.907529,33.619798],[-117.907527,33.619807],[-117.907526,33.619817],[-117.907524,33.619827],[-117.907522,33.61984],[-117.90752,33.619853],[-117.907518,33.619866],[-117.907515,33.619884],[-117.907514,33.61989],[-117.907512,33.619901],[-117.90751,33.619911],[-117.907508,33.619919],[-117.907506,33.619928],[-117.907503,33.619939],[-117.907498,33.619961],[-117.907495,33.61997],[-117.907493,33.619979],[-117.90749,33.619992],[-117.907487,33.620006],[-117.907483,33.620027],[-117.907481,33.620036],[-117.90748,33.620044],[-117.907477,33.620054],[-117.907473,33.620064],[-117.907468,33.620075],[-117.907464,33.620086],[-117.90746,33.620097],[-117.907456,33.620107],[-117.907452,33.620119],[-117.907447,33.620132],[-117.907443,33.620145],[-117.90744,33.620158],[-117.907437,33.62017],[-117.907435,33.620181],[-117.907432,33.620192],[-117.907429,33.620204],[-117.907425,33.620217],[-117.907421,33.62023],[-117.907416,33.620242],[-117.90741,33.620255],[-117.907405,33.620267],[-117.907401,33.620279],[-117.907397,33.620292],[-117.907392,33.620305],[-117.907388,33.620318],[-117.907382,33.620332],[-117.907378,33.620344],[-117.907375,33.620356],[-117.907373,33.620367],[-117.907368,33.620378],[-117.907364,33.620389],[-117.907358,33.6204],[-117.907352,33.620411],[-117.907346,33.620422],[-117.907339,33.620434],[-117.907332,33.620446],[-117.907326,33.620458],[-117.90732,33.620471],[-117.907313,33.620484],[-117.907306,33.620496],[-117.907296,33.620517],[-117.907292,33.620525],[-117.907288,33.620533],[-117.907281,33.620545],[-117.907275,33.620558],[-117.907262,33.620581],[-117.907256,33.620592],[-117.90725,33.620602],[-117.907233,33.620629],[-117.907227,33.620641],[-117.90722,33.620652],[-117.907204,33.620679],[-117.907198,33.62069],[-117.907177,33.620734],[-117.907169,33.620753],[-117.907162,33.620771],[-117.907149,33.620811],[-117.907144,33.620824],[-117.907127,33.620867],[-117.907121,33.620885],[-117.907114,33.620902],[-117.907097,33.62094],[-117.907091,33.620952],[-117.907072,33.620992],[-117.907065,33.621009],[-117.907057,33.621025],[-117.907039,33.621064],[-117.907033,33.621079],[-117.907026,33.621094],[-117.907012,33.621128],[-117.907007,33.621139],[-117.906991,33.621178],[-117.906985,33.621193],[-117.906978,33.621209],[-117.906962,33.621245],[-117.906955,33.621256],[-117.906932,33.621293],[-117.906923,33.621309],[-117.906914,33.621324],[-117.906895,33.621357],[-117.906889,33.621368],[-117.906871,33.621404],[-117.906865,33.621419],[-117.906858,33.621433],[-117.90684,33.621465],[-117.906834,33.621475],[-117.906811,33.62151],[-117.9068,33.621523],[-117.90679,33.621537],[-117.906763,33.62157],[-117.906753,33.621584],[-117.906742,33.621597],[-117.90672,33.621627],[-117.906712,33.621637],[-117.906692,33.621673],[-117.906684,33.621688],[-117.906677,33.621703],[-117.906663,33.621736],[-117.906658,33.621746],[-117.90664,33.62178],[-117.906632,33.621794],[-117.906624,33.621808],[-117.906601,33.621842],[-117.906593,33.621853],[-117.906568,33.621891],[-117.906558,33.621906],[-117.906548,33.621921],[-117.906526,33.621954],[-117.906518,33.621968],[-117.906509,33.621981],[-117.906488,33.622012],[-117.906481,33.622022],[-117.906454,33.622056],[-117.906443,33.622069],[-117.906431,33.622082],[-117.9064,33.622106],[-117.906389,33.622113],[-117.906344,33.62213],[-117.906326,33.622134],[-117.906307,33.622139],[-117.906262,33.62214],[-117.906247,33.622138],[-117.906198,33.622124],[-117.906178,33.622116],[-117.906159,33.622109],[-117.906118,33.622093],[-117.906105,33.622088],[-117.90606,33.622073],[-117.906042,33.622066],[-117.906024,33.62206],[-117.905984,33.622043],[-117.905969,33.622036],[-117.905954,33.622029],[-117.905929,33.62201],[-117.905922,33.622003],[-117.905919,33.621974],[-117.905924,33.621963],[-117.905928,33.621951],[-117.905963,33.621934],[-117.905977,33.621929],[-117.906028,33.621927],[-117.906048,33.621928],[-117.906069,33.621929],[-117.906114,33.621933],[-117.906129,33.621934],[-117.906169,33.621931],[-117.906183,33.621928],[-117.906197,33.621925],[-117.906222,33.621909],[-117.90623,33.6219],[-117.906238,33.621892],[-117.90625,33.621869],[-117.906254,33.621861],[-117.906269,33.621834],[-117.906274,33.621824],[-117.90628,33.621814],[-117.906288,33.6218],[-117.906297,33.621788],[-117.906306,33.621777],[-117.906315,33.621767],[-117.906322,33.621756],[-117.906333,33.621741],[-117.906336,33.621736],[-117.906342,33.621726],[-117.906349,33.621718],[-117.906355,33.621712],[-117.906358,33.621707],[-117.906359,33.621704],[-117.906361,33.621697],[-117.906364,33.621687],[-117.906367,33.621675],[-117.906369,33.621663],[-117.906371,33.621652],[-117.906374,33.621641],[-117.906377,33.621631],[-117.906381,33.621621],[-117.906386,33.62161],[-117.906391,33.621599],[-117.906396,33.621588],[-117.9064,33.621576],[-117.906401,33.621564],[-117.906402,33.621552],[-117.906404,33.621539],[-117.906407,33.621525],[-117.90641,33.621511],[-117.906414,33.621498],[-117.906419,33.621475],[-117.906421,33.621466],[-117.906423,33.621456],[-117.906422,33.621432],[-117.906422,33.621424],[-117.906417,33.621396],[-117.906413,33.621384],[-117.90641,33.621373],[-117.906394,33.621347],[-117.906386,33.621335],[-117.906379,33.621324],[-117.906361,33.621289],[-117.906356,33.621276],[-117.906342,33.621233],[-117.906337,33.621217],[-117.906333,33.6212],[-117.906328,33.621162],[-117.906327,33.621149],[-117.906327,33.621104],[-117.906328,33.621086],[-117.906328,33.621068],[-117.90633,33.621028],[-117.90633,33.621015],[-117.906329,33.620975],[-117.906329,33.620959],[-117.906328,33.620944],[-117.906328,33.620905],[-117.906327,33.620889],[-117.906327,33.620874],[-117.906322,33.620841],[-117.90632,33.62083],[-117.906306,33.620793],[-117.906299,33.620779],[-117.906292,33.620765],[-117.90627,33.620741],[-117.906263,33.620733],[-117.906226,33.620708],[-117.906206,33.620695],[-117.906186,33.620683],[-117.906159,33.620665],[-117.906151,33.620658],[-117.906138,33.62063],[-117.906138,33.620617],[-117.906137,33.620605],[-117.906155,33.620577],[-117.906163,33.620568],[-117.9062,33.620545],[-117.906216,33.620536],[-117.906232,33.620528],[-117.906272,33.620508],[-117.906287,33.6205],[-117.906302,33.620491],[-117.906332,33.62047],[-117.906341,33.620463],[-117.906369,33.620439],[-117.906381,33.620428],[-117.906392,33.620418],[-117.906414,33.620391],[-117.90642,33.620381],[-117.906436,33.62035],[-117.906442,33.620338],[-117.906447,33.620326],[-117.906455,33.620301],[-117.906457,33.620293],[-117.90645,33.620268],[-117.906444,33.620259],[-117.906437,33.62025],[-117.906419,33.62024],[-117.906396,33.62023],[-117.906372,33.620221],[-117.906339,33.620208],[-117.906329,33.620203],[-117.90631,33.620195],[-117.906292,33.620187],[-117.906274,33.620177],[-117.90625,33.620155],[-117.906242,33.620146],[-117.906214,33.620113],[-117.906202,33.620099],[-117.906191,33.620085],[-117.906171,33.620054],[-117.906166,33.620043],[-117.906153,33.620007],[-117.90615,33.619991],[-117.906146,33.619976],[-117.906141,33.619942],[-117.90614,33.61993],[-117.906135,33.619893],[-117.906133,33.619878],[-117.906131,33.619863],[-117.906125,33.619826],[-117.906122,33.61981],[-117.90612,33.619795],[-117.906113,33.619763],[-117.906111,33.619752],[-117.906104,33.619715],[-117.906102,33.619699],[-117.906099,33.619684],[-117.906092,33.619651],[-117.90609,33.61964],[-117.906081,33.619603],[-117.906077,33.619588],[-117.906073,33.619573],[-117.906065,33.61954],[-117.906063,33.619529],[-117.906055,33.619495],[-117.906051,33.619481],[-117.906048,33.619468],[-117.906037,33.619439],[-117.906032,33.619427],[-117.906027,33.619416],[-117.906016,33.619394],[-117.906013,33.619387],[-117.906004,33.619364],[-117.906,33.619356],[-117.905997,33.619347],[-117.905993,33.619334],[-117.905989,33.619321],[-117.905984,33.619309],[-117.905978,33.619297],[-117.905972,33.619285],[-117.905964,33.619274],[-117.905958,33.619263],[-117.905953,33.619243],[-117.905951,33.619234],[-117.905949,33.619226],[-117.905942,33.619205],[-117.90594,33.619198],[-117.905935,33.619185],[-117.90593,33.619173],[-117.905926,33.61916],[-117.905923,33.619145],[-117.90592,33.619129],[-117.905919,33.619113],[-117.905918,33.619086],[-117.905918,33.619077],[-117.905923,33.619047],[-117.905926,33.619034],[-117.905929,33.619021],[-117.90594,33.618987],[-117.905944,33.618974],[-117.905957,33.61894],[-117.905961,33.618928],[-117.905966,33.618916],[-117.905985,33.618881],[-117.905992,33.618868],[-117.906015,33.618825],[-117.906024,33.618808],[-117.906032,33.618792],[-117.906044,33.61875],[-117.906048,33.618733],[-117.906051,33.618716],[-117.906055,33.618676],[-117.906055,33.618663],[-117.906049,33.618623],[-117.906044,33.618607],[-117.906039,33.618592],[-117.906017,33.618562],[-117.906009,33.618552],[-117.905976,33.618524],[-117.905962,33.618513],[-117.905948,33.618503],[-117.905913,33.618488],[-117.905901,33.618483],[-117.905861,33.618475],[-117.905846,33.618474],[-117.90583,33.618472],[-117.905807,33.618475],[-117.905783,33.618481],[-117.905744,33.618492],[-117.905729,33.618498],[-117.905714,33.618503],[-117.905685,33.61852],[-117.905675,33.618528],[-117.905664,33.618536],[-117.905642,33.61856],[-117.905634,33.618569],[-117.905612,33.618603],[-117.905606,33.618618],[-117.905599,33.618632],[-117.905595,33.618663],[-117.905594,33.618673],[-117.905599,33.618709],[-117.905602,33.618723],[-117.905605,33.618737],[-117.905612,33.618769],[-117.905614,33.61878],[-117.905618,33.618816],[-117.905619,33.61883],[-117.90562,33.618844],[-117.905621,33.618879],[-117.905621,33.618893],[-117.90562,33.618908],[-117.905614,33.618943],[-117.905612,33.618955],[-117.905604,33.618995],[-117.905602,33.61901],[-117.905599,33.619025],[-117.905596,33.619052],[-117.905594,33.61906],[-117.905587,33.619094],[-117.905584,33.619109],[-117.905581,33.619124],[-117.905572,33.619159],[-117.905569,33.61917],[-117.905557,33.619208],[-117.905551,33.619224],[-117.905546,33.619239],[-117.90553,33.619274],[-117.905524,33.619285],[-117.905507,33.61932],[-117.905501,33.619334],[-117.905495,33.619348],[-117.905478,33.619384],[-117.905471,33.619397],[-117.905464,33.619411],[-117.905449,33.619442],[-117.905444,33.619452],[-117.905424,33.619486],[-117.905415,33.619499],[-117.905407,33.619513],[-117.90539,33.619546],[-117.905384,33.619557],[-117.905366,33.619594],[-117.905358,33.619608],[-117.905351,33.619623],[-117.905331,33.619655],[-117.905323,33.619665],[-117.905299,33.619701],[-117.90529,33.619715],[-117.90528,33.61973],[-117.90526,33.619761],[-117.905253,33.619771],[-117.905228,33.619804],[-117.905217,33.619817],[-117.905207,33.619831],[-117.905182,33.619866],[-117.905171,33.619879],[-117.905161,33.619893],[-117.905139,33.619923],[-117.905132,33.619933],[-117.905105,33.619963],[-117.905095,33.619974],[-117.905084,33.619986],[-117.905062,33.620012],[-117.905054,33.620021],[-117.905032,33.620054],[-117.905022,33.620067],[-117.905013,33.62008],[-117.904992,33.620107],[-117.904985,33.620115],[-117.904958,33.620141],[-117.904948,33.620152],[-117.904937,33.620162],[-117.904909,33.620191],[-117.904899,33.620202],[-117.904888,33.620214],[-117.904863,33.62024],[-117.904854,33.620248],[-117.904827,33.620272],[-117.904817,33.62028],[-117.904807,33.620289],[-117.904794,33.620298],[-117.904783,33.620307],[-117.904772,33.620316],[-117.904761,33.620325],[-117.904751,33.620335],[-117.904735,33.620352],[-117.904729,33.620357],[-117.90472,33.620366],[-117.904712,33.620374],[-117.904705,33.620381],[-117.904699,33.620388],[-117.904694,33.620395],[-117.904689,33.620401],[-117.904685,33.620405],[-117.90468,33.620409],[-117.904673,33.620418],[-117.904662,33.620429],[-117.904649,33.620441],[-117.904629,33.620459],[-117.904622,33.620464],[-117.904606,33.620475],[-117.904589,33.620489],[-117.904569,33.620506],[-117.904537,33.620538],[-117.904526,33.620548],[-117.90449,33.62058],[-117.904476,33.620593],[-117.904462,33.620605],[-117.904431,33.620631],[-117.90442,33.62064],[-117.904383,33.620668],[-117.904367,33.620679],[-117.904352,33.62069],[-117.904315,33.620715],[-117.9043,33.620725],[-117.904286,33.620735],[-117.904255,33.620759],[-117.904245,33.620767],[-117.904212,33.620797],[-117.904199,33.620808],[-117.904186,33.62082],[-117.904158,33.620845],[-117.904148,33.620853],[-117.904115,33.620883],[-117.904101,33.620896],[-117.904088,33.620908],[-117.904059,33.620935],[-117.90405,33.620944],[-117.90402,33.620974],[-117.904008,33.620987],[-117.903996,33.620999],[-117.903971,33.621026],[-117.903962,33.621034],[-117.90393,33.621064],[-117.903917,33.621077],[-117.903903,33.621089],[-117.903868,33.621118],[-117.903853,33.621129],[-117.903839,33.621141],[-117.903808,33.621167],[-117.903797,33.621176],[-117.903762,33.621205],[-117.903749,33.621216],[-117.903735,33.621228],[-117.903704,33.621256],[-117.903694,33.621265],[-117.903662,33.62129],[-117.90365,33.6213],[-117.903637,33.621309],[-117.903608,33.62133],[-117.903598,33.621336],[-117.903562,33.621358],[-117.903546,33.621366],[-117.903531,33.621374],[-117.903492,33.621394],[-117.903476,33.621403],[-117.903461,33.621411],[-117.903426,33.621432],[-117.903414,33.621438],[-117.903374,33.621459],[-117.903359,33.621467],[-117.903343,33.621476],[-117.903314,33.621499],[-117.903305,33.621506],[-117.903273,33.621539],[-117.90326,33.621554],[-117.903247,33.621569],[-117.903219,33.621603],[-117.903209,33.621613],[-117.903176,33.621644],[-117.903162,33.621656],[-117.903149,33.621668],[-117.90312,33.621691],[-117.90311,33.621698],[-117.903075,33.621721],[-117.903061,33.621731],[-117.903047,33.62174],[-117.903011,33.621762],[-117.902997,33.62177],[-117.902983,33.621778],[-117.902949,33.621794],[-117.902937,33.621798],[-117.902897,33.621813],[-117.902881,33.621819],[-117.902865,33.621825],[-117.902827,33.621838],[-117.902814,33.621842],[-117.90277,33.621857],[-117.902753,33.621862],[-117.902735,33.621868],[-117.902695,33.62188],[-117.902681,33.621884],[-117.902639,33.621894],[-117.902622,33.621898],[-117.902606,33.621901],[-117.902565,33.621907],[-117.902548,33.621908],[-117.902531,33.62191],[-117.90249,33.621912],[-117.902475,33.621912],[-117.902425,33.621911],[-117.902405,33.621911],[-117.902385,33.621911],[-117.902344,33.621913],[-117.90233,33.621914],[-117.902285,33.621919],[-117.902268,33.62192],[-117.90225,33.621922],[-117.902212,33.621924],[-117.902199,33.621924],[-117.902157,33.621925],[-117.90214,33.621926],[-117.902123,33.621926],[-117.902084,33.621929],[-117.902071,33.62193],[-117.902026,33.621936],[-117.902007,33.621939],[-117.901989,33.621941],[-117.90194,33.621945],[-117.901921,33.621946],[-117.901901,33.621947],[-117.901857,33.621949],[-117.901842,33.621949],[-117.901798,33.621954],[-117.90178,33.621957],[-117.901763,33.621959],[-117.901724,33.621962],[-117.901711,33.621963],[-117.901666,33.621964],[-117.901648,33.621965],[-117.90163,33.621965],[-117.901591,33.621965],[-117.901577,33.621965],[-117.901531,33.621965],[-117.901513,33.621966],[-117.901494,33.621966],[-117.901445,33.621969],[-117.901425,33.621971],[-117.901405,33.621972],[-117.901364,33.621975],[-117.901351,33.621976],[-117.901307,33.621977],[-117.901289,33.621977],[-117.901271,33.621977],[-117.90123,33.621976],[-117.901216,33.621975],[-117.901171,33.621974],[-117.901152,33.621973],[-117.901134,33.621973],[-117.901095,33.621974],[-117.901082,33.621974],[-117.901038,33.621978],[-117.90102,33.62198],[-117.901002,33.621982],[-117.90096,33.621988],[-117.900946,33.62199],[-117.900901,33.621994],[-117.900882,33.621996],[-117.900864,33.621997],[-117.900818,33.621997],[-117.900799,33.621997],[-117.90078,33.621996],[-117.900736,33.621993],[-117.900722,33.621992],[-117.900675,33.621991],[-117.900658,33.62199],[-117.90064,33.62199],[-117.9006,33.62199],[-117.900586,33.62199],[-117.900537,33.621988],[-117.900518,33.621987],[-117.900498,33.621986],[-117.900457,33.621983],[-117.900443,33.621981],[-117.900399,33.621976],[-117.900382,33.621973],[-117.900364,33.621971],[-117.900322,33.621966],[-117.900305,33.621964],[-117.900289,33.621962],[-117.900256,33.621959],[-117.900245,33.621958],[-117.900208,33.621957],[-117.900192,33.621957],[-117.900177,33.621957],[-117.900145,33.62196],[-117.900134,33.621962],[-117.9001,33.621972],[-117.900087,33.621978],[-117.900074,33.621983],[-117.900052,33.622],[-117.900045,33.622006],[-117.900033,33.622031],[-117.900029,33.622043],[-117.900026,33.622054],[-117.900028,33.622077],[-117.90003,33.622084],[-117.900037,33.622098],[-117.900045,33.622111],[-117.900051,33.622123],[-117.900061,33.622139],[-117.900065,33.622144],[-117.90007,33.62215],[-117.900081,33.622156],[-117.900094,33.622162],[-117.900108,33.622169],[-117.900123,33.622178],[-117.900134,33.622187],[-117.900142,33.622196],[-117.900148,33.622205],[-117.900154,33.622216],[-117.90016,33.622227],[-117.900167,33.622237],[-117.900175,33.622246],[-117.900184,33.622256],[-117.900192,33.622267],[-117.900201,33.622278],[-117.900209,33.622289],[-117.90022,33.622306],[-117.900224,33.622311],[-117.900233,33.622321],[-117.900243,33.622333],[-117.900254,33.622344],[-117.900264,33.622355],[-117.900275,33.622364],[-117.900287,33.622373],[-117.900304,33.622387],[-117.90031,33.622391],[-117.90032,33.6224],[-117.900331,33.62241],[-117.900344,33.622419],[-117.900356,33.622428],[-117.900371,33.622437],[-117.900385,33.622446],[-117.900402,33.622454],[-117.90042,33.622463],[-117.900445,33.622478],[-117.900455,33.622483],[-117.900486,33.622499],[-117.900497,33.622505],[-117.900509,33.622511],[-117.900546,33.622528],[-117.900563,33.622537],[-117.900581,33.622545],[-117.900626,33.622567],[-117.900641,33.622574],[-117.900685,33.622598],[-117.900702,33.622608],[-117.900719,33.622618],[-117.900756,33.622644],[-117.900768,33.622653],[-117.900806,33.622681],[-117.900821,33.622692],[-117.900835,33.622703],[-117.900868,33.622727],[-117.90088,33.622735],[-117.900917,33.622763],[-117.900932,33.622774],[-117.900947,33.622786],[-117.900981,33.622811],[-117.900992,33.622819],[-117.901031,33.622846],[-117.901048,33.622858],[-117.901064,33.622869],[-117.901102,33.622894],[-117.901116,33.622905],[-117.901131,33.622915],[-117.901164,33.622936],[-117.901176,33.622943],[-117.901216,33.622965],[-117.901233,33.622974],[-117.901249,33.622983],[-117.901284,33.623002],[-117.901296,33.623008],[-117.901333,33.623029],[-117.901347,33.623037],[-117.901362,33.623045],[-117.901395,33.623066],[-117.901406,33.623072],[-117.901441,33.623096],[-117.901454,33.623106],[-117.901467,33.623116],[-117.9015,33.623142],[-117.901513,33.623151],[-117.901526,33.623161],[-117.901557,33.623184],[-117.901568,33.623191],[-117.901602,33.623216],[-117.901615,33.623226],[-117.901628,33.623236],[-117.901656,33.623259],[-117.901665,33.623267],[-117.901697,33.623293],[-117.901709,33.623304],[-117.901722,33.623314],[-117.90175,33.623339],[-117.901759,33.623347],[-117.901792,33.623375],[-117.901806,33.623385],[-117.901819,33.623396],[-117.901849,33.623417],[-117.901859,33.623424],[-117.901892,33.623448],[-117.901906,33.623457],[-117.901919,33.623467],[-117.901951,33.62349],[-117.901964,33.623498],[-117.901976,33.623507],[-117.902002,33.623525],[-117.902011,33.62353],[-117.902043,33.623547],[-117.902057,33.623553],[-117.90207,33.62356],[-117.902103,33.623578],[-117.902114,33.623584],[-117.902151,33.623606],[-117.902166,33.623614],[-117.90218,33.623623],[-117.902205,33.623641],[-117.902213,33.623646],[-117.902244,33.623667],[-117.902258,33.623676],[-117.902271,33.623685],[-117.902304,33.623711],[-117.902318,33.623723],[-117.902331,33.623734],[-117.902362,33.623762],[-117.902373,33.623771],[-117.902406,33.623799],[-117.90242,33.62381],[-117.902433,33.623821],[-117.902464,33.623844],[-117.902475,33.623851],[-117.902509,33.623875],[-117.902523,33.623885],[-117.902537,33.623895],[-117.902571,33.623917],[-117.902583,33.623924],[-117.902623,33.623952],[-117.902638,33.623962],[-117.902654,33.623973],[-117.902689,33.623996],[-117.9027,33.624003],[-117.902735,33.62403],[-117.902748,33.62404],[-117.902762,33.624051],[-117.902795,33.624075],[-117.902808,33.624084],[-117.902821,33.624093],[-117.902849,33.62411],[-117.902859,33.624115],[-117.902891,33.624133],[-117.902905,33.62414],[-117.902918,33.624148],[-117.902947,33.624168],[-117.902957,33.624174],[-117.902989,33.624195],[-117.903001,33.624205],[-117.903014,33.624214],[-117.903044,33.624235],[-117.903055,33.624242],[-117.903087,33.624262],[-117.903101,33.62427],[-117.903114,33.624278],[-117.903148,33.624302],[-117.903161,33.624311],[-117.903175,33.624321],[-117.903203,33.624342],[-117.903212,33.624349],[-117.903241,33.624374],[-117.903253,33.624383],[-117.903264,33.624393],[-117.903289,33.624415],[-117.903298,33.624422],[-117.903326,33.624448],[-117.903336,33.624459],[-117.903347,33.624469],[-117.903375,33.624493],[-117.903385,33.624501],[-117.903421,33.624528],[-117.903434,33.624539],[-117.903448,33.62455],[-117.903479,33.624571],[-117.90349,33.624578],[-117.903524,33.624599],[-117.903539,33.624609],[-117.903553,33.624618],[-117.903587,33.624643],[-117.903601,33.624653],[-117.903614,33.624663],[-117.903645,33.624686],[-117.903656,33.624693],[-117.90369,33.624719],[-117.903703,33.624728],[-117.903716,33.624738],[-117.903744,33.62476],[-117.903754,33.624767],[-117.903788,33.624789],[-117.903801,33.624798],[-117.903815,33.624806],[-117.903847,33.624826],[-117.903858,33.624833],[-117.903895,33.624858],[-117.90391,33.624869],[-117.903924,33.624879],[-117.903958,33.624902],[-117.903971,33.624912],[-117.903984,33.624921],[-117.904013,33.624944],[-117.904023,33.624952],[-117.904049,33.624983],[-117.904059,33.624997],[-117.904068,33.625011],[-117.904074,33.625046],[-117.904073,33.625057],[-117.904063,33.625077],[-117.904047,33.625098],[-117.904027,33.625119],[-117.903995,33.625152],[-117.903984,33.625163],[-117.90395,33.625199],[-117.903936,33.625213],[-117.903923,33.625227],[-117.903894,33.625263],[-117.903885,33.625275],[-117.903854,33.625313],[-117.903843,33.625327],[-117.903831,33.625341],[-117.903803,33.625374],[-117.903791,33.625388],[-117.90378,33.625401],[-117.903753,33.62543],[-117.903744,33.625439],[-117.903715,33.625472],[-117.903703,33.625486],[-117.903691,33.625499],[-117.903661,33.625529],[-117.903651,33.625538],[-117.903616,33.625567],[-117.903601,33.625578],[-117.903587,33.625589],[-117.90355,33.625607],[-117.903537,33.625612],[-117.903487,33.625616],[-117.903466,33.625616],[-117.903446,33.625615],[-117.9034,33.625609],[-117.903385,33.625607],[-117.903332,33.625602],[-117.903311,33.625601],[-117.903289,33.625599],[-117.90324,33.625594],[-117.903221,33.625593],[-117.903202,33.625591],[-117.903161,33.625588],[-117.903147,33.625587],[-117.903102,33.625585],[-117.903084,33.625585],[-117.903066,33.625584],[-117.903028,33.625581],[-117.903015,33.625579],[-117.902975,33.625562],[-117.90296,33.625553],[-117.902946,33.625543],[-117.902922,33.625515],[-117.902915,33.625505],[-117.902895,33.625472],[-117.902886,33.625459],[-117.902878,33.625446],[-117.902856,33.625413],[-117.902847,33.625401],[-117.902838,33.625388],[-117.902818,33.625361],[-117.902812,33.625352],[-117.902791,33.625321],[-117.902782,33.625308],[-117.902774,33.625296],[-117.902756,33.625271],[-117.902751,33.625263],[-117.902741,33.625249],[-117.90273,33.625236],[-117.902721,33.625224],[-117.902709,33.625209],[-117.902706,33.625204],[-117.9027,33.625197],[-117.902694,33.625191],[-117.902688,33.625185],[-117.90268,33.62518],[-117.902671,33.625173],[-117.902661,33.625167],[-117.902652,33.625161],[-117.902643,33.625155],[-117.902633,33.625148],[-117.902624,33.625139],[-117.902615,33.625128],[-117.902599,33.62511],[-117.902594,33.625104],[-117.902584,33.625094],[-117.902574,33.625086],[-117.902563,33.625078],[-117.902551,33.625069],[-117.902538,33.62506],[-117.902527,33.625051],[-117.902518,33.625042],[-117.902507,33.625033],[-117.902497,33.625023],[-117.902485,33.625013],[-117.902474,33.625003],[-117.902463,33.624995],[-117.90245,33.624988],[-117.902436,33.62498],[-117.902422,33.62497],[-117.902407,33.624959],[-117.90238,33.624941],[-117.90237,33.624934],[-117.90234,33.624915],[-117.902326,33.624906],[-117.902313,33.624898],[-117.902274,33.624876],[-117.902259,33.624867],[-117.902214,33.624841],[-117.902196,33.624832],[-117.902179,33.624822],[-117.902143,33.624803],[-117.902131,33.624797],[-117.902089,33.624775],[-117.902071,33.624766],[-117.902054,33.624756],[-117.902015,33.624733],[-117.902003,33.624725],[-117.901961,33.624698],[-117.901944,33.624688],[-117.901927,33.624677],[-117.901885,33.624655],[-117.901868,33.624647],[-117.901852,33.624638],[-117.901821,33.624618],[-117.901811,33.624611],[-117.901778,33.624588],[-117.901763,33.62458],[-117.901749,33.624571],[-117.901717,33.62455],[-117.901707,33.624542],[-117.901674,33.624519],[-117.90166,33.624509],[-117.901647,33.6245],[-117.901617,33.624479],[-117.901608,33.624472],[-117.901576,33.62445],[-117.901563,33.62444],[-117.90155,33.624431],[-117.90152,33.624407],[-117.901508,33.624397],[-117.901496,33.624388],[-117.901468,33.62437],[-117.901459,33.624363],[-117.901428,33.624344],[-117.901415,33.624336],[-117.901402,33.624328],[-117.901373,33.624309],[-117.901363,33.624302],[-117.901329,33.624279],[-117.901316,33.624269],[-117.901302,33.62426],[-117.901271,33.624239],[-117.901261,33.624231],[-117.901227,33.624209],[-117.901214,33.624199],[-117.9012,33.62419],[-117.901167,33.624168],[-117.901156,33.62416],[-117.90112,33.624135],[-117.901106,33.624126],[-117.901092,33.624116],[-117.901058,33.624092],[-117.901045,33.624082],[-117.901031,33.624072],[-117.900999,33.62405],[-117.900988,33.624042],[-117.900951,33.624019],[-117.900936,33.62401],[-117.900921,33.624001],[-117.900888,33.623981],[-117.900878,33.623974],[-117.900844,33.623948],[-117.900831,33.623937],[-117.900818,33.623926],[-117.900789,33.623902],[-117.900779,33.623895],[-117.900742,33.623872],[-117.900727,33.623864],[-117.900711,33.623855],[-117.900674,33.623835],[-117.900659,33.623827],[-117.900645,33.62382],[-117.900615,33.623802],[-117.900605,33.623796],[-117.900572,33.623774],[-117.900559,33.623765],[-117.900546,33.623756],[-117.900516,33.623737],[-117.900506,33.62373],[-117.900472,33.623705],[-117.900459,33.623695],[-117.900445,33.623685],[-117.900414,33.623661],[-117.900404,33.623652],[-117.900369,33.623627],[-117.900354,33.623616],[-117.900339,33.623606],[-117.900306,33.623584],[-117.900296,33.623577],[-117.900264,33.623557],[-117.900252,33.62355],[-117.900239,33.623542],[-117.900203,33.623523],[-117.900187,33.623514],[-117.900172,33.623506],[-117.900136,33.623487],[-117.900125,33.62348],[-117.900089,33.623457],[-117.900075,33.623448],[-117.900061,33.623439],[-117.90003,33.623418],[-117.90002,33.623411],[-117.899989,33.623386],[-117.899977,33.623376],[-117.899966,33.623365],[-117.899942,33.623342],[-117.899934,33.623334],[-117.899904,33.623313],[-117.899893,33.623306],[-117.899881,33.623298],[-117.89985,33.623277],[-117.899838,33.623268],[-117.899826,33.62326],[-117.899801,33.623242],[-117.899793,33.623235],[-117.899771,33.623209],[-117.899763,33.623199],[-117.899755,33.623188],[-117.899743,33.62317],[-117.899739,33.623164],[-117.899727,33.623145],[-117.899722,33.623138],[-117.899717,33.623131],[-117.899709,33.62312],[-117.899702,33.623109],[-117.89969,33.62309],[-117.899684,33.623084],[-117.899679,33.623077],[-117.899668,33.623068],[-117.899654,33.623061],[-117.899623,33.623055],[-117.899609,33.623053],[-117.899595,33.623052],[-117.899549,33.623052],[-117.899529,33.623053],[-117.89951,33.623054],[-117.899468,33.623058],[-117.899454,33.623059],[-117.899408,33.623065],[-117.899391,33.623068],[-117.899373,33.62307],[-117.899335,33.623078],[-117.899321,33.62308],[-117.899276,33.623089],[-117.899257,33.623091],[-117.899239,33.623094],[-117.8992,33.6231],[-117.899187,33.623101],[-117.899142,33.623107],[-117.899123,33.62311],[-117.899105,33.623112],[-117.899062,33.623118],[-117.899047,33.62312],[-117.899031,33.623122],[-117.898998,33.623125],[-117.898986,33.623126],[-117.898947,33.62313],[-117.898932,33.623131],[-117.898916,33.623133],[-117.89888,33.62314],[-117.898867,33.623142],[-117.898827,33.623151],[-117.898811,33.623155],[-117.898795,33.623159],[-117.898759,33.623171],[-117.898747,33.623175],[-117.898706,33.623189],[-117.898689,33.623196],[-117.898673,33.623202],[-117.898636,33.62322],[-117.898624,33.623226],[-117.898586,33.623247],[-117.898571,33.623256],[-117.898556,33.623264],[-117.898518,33.623288],[-117.898503,33.623298],[-117.898487,33.623308],[-117.89845,33.623332],[-117.898438,33.623339],[-117.898399,33.623368],[-117.898384,33.62338],[-117.898368,33.623392],[-117.898334,33.623418],[-117.898322,33.623427],[-117.898286,33.623454],[-117.898272,33.623465],[-117.898257,33.623476],[-117.89822,33.623499],[-117.898208,33.623506],[-117.898168,33.623533],[-117.898153,33.623544],[-117.898138,33.623556],[-117.898107,33.623585],[-117.898096,33.623594],[-117.898059,33.623624],[-117.898043,33.623635],[-117.898028,33.623647],[-117.897991,33.623677],[-117.897977,33.62369],[-117.897963,33.623702],[-117.897933,33.623731],[-117.897923,33.62374],[-117.897893,33.623769],[-117.897882,33.62378],[-117.897871,33.623791],[-117.897849,33.623817],[-117.897842,33.623825],[-117.897818,33.623857],[-117.897808,33.623871],[-117.897798,33.623884],[-117.897773,33.623914],[-117.897764,33.623923],[-117.897736,33.623953],[-117.897726,33.623964],[-117.897715,33.623976],[-117.897686,33.62401],[-117.897676,33.624025],[-117.897665,33.624039],[-117.897643,33.624074],[-117.897635,33.624086],[-117.897612,33.624125],[-117.897603,33.62414],[-117.897594,33.624156],[-117.897575,33.624191],[-117.897568,33.624203],[-117.897547,33.624241],[-117.897539,33.624256],[-117.897531,33.624271],[-117.897512,33.624304],[-117.897505,33.624315],[-117.897483,33.62435],[-117.897473,33.624364],[-117.897464,33.624378],[-117.897443,33.624409],[-117.897436,33.624419],[-117.897415,33.624452],[-117.897406,33.624465],[-117.897398,33.624478],[-117.897378,33.624512],[-117.897371,33.624526],[-117.897363,33.624539],[-117.897345,33.624569],[-117.897338,33.624578],[-117.897316,33.62461],[-117.897307,33.624623],[-117.897297,33.624636],[-117.897274,33.624666],[-117.897266,33.624675],[-117.897243,33.624705],[-117.897233,33.624718],[-117.897224,33.62473],[-117.897206,33.62476],[-117.8972,33.62477],[-117.89718,33.624805],[-117.897171,33.624818],[-117.897163,33.624832],[-117.897143,33.624862],[-117.897135,33.624875],[-117.897128,33.624887],[-117.89711,33.624916],[-117.897104,33.624926],[-117.897083,33.624958],[-117.897075,33.624971],[-117.897067,33.624984],[-117.897051,33.625014],[-117.897045,33.625024],[-117.897022,33.625059],[-117.897013,33.625073],[-117.897003,33.625088],[-117.896979,33.62512],[-117.896971,33.625131],[-117.896946,33.625164],[-117.896935,33.625177],[-117.896925,33.62519],[-117.896904,33.625217],[-117.896896,33.625225],[-117.896871,33.625255],[-117.896861,33.625268],[-117.896851,33.62528],[-117.896827,33.62531],[-117.896818,33.625322],[-117.896809,33.625334],[-117.896793,33.625362],[-117.896787,33.625371],[-117.896767,33.6254],[-117.896758,33.625412],[-117.896749,33.625423],[-117.896727,33.625447],[-117.89672,33.625455],[-117.896696,33.62548],[-117.896688,33.62549],[-117.896679,33.6255],[-117.896661,33.625523],[-117.896654,33.62553],[-117.896642,33.625541],[-117.896631,33.62555],[-117.896621,33.625555],[-117.896612,33.62557],[-117.896608,33.625579],[-117.896605,33.625589],[-117.896601,33.625598],[-117.896598,33.625608],[-117.896581,33.625629],[-117.896574,33.625637],[-117.896567,33.625646],[-117.89656,33.625654],[-117.896553,33.625662],[-117.896545,33.625672],[-117.896538,33.625682],[-117.896531,33.625692],[-117.896517,33.625707],[-117.896511,33.625713],[-117.896506,33.62572],[-117.8965,33.625726],[-117.896494,33.625732],[-117.896485,33.625752],[-117.896481,33.625758],[-117.896473,33.625771],[-117.896465,33.625783],[-117.896455,33.625795],[-117.896443,33.625808],[-117.896427,33.625823],[-117.896409,33.625841],[-117.896381,33.625868],[-117.896372,33.625877],[-117.896343,33.625907],[-117.896331,33.625919],[-117.89632,33.625931],[-117.896295,33.625959],[-117.896287,33.625968],[-117.896265,33.625998],[-117.896257,33.626011],[-117.896249,33.626023],[-117.896231,33.626051],[-117.896225,33.62606],[-117.896202,33.626091],[-117.896193,33.626104],[-117.896184,33.626116],[-117.896164,33.626144],[-117.896155,33.626155],[-117.896147,33.626165],[-117.896126,33.626189],[-117.896119,33.626196],[-117.896092,33.626222],[-117.896082,33.626232],[-117.896071,33.626242],[-117.896049,33.626264],[-117.896042,33.62627],[-117.896024,33.626288],[-117.896018,33.626294],[-117.896012,33.626299],[-117.896008,33.626307],[-117.896002,33.626311],[-117.895997,33.626316],[-117.895992,33.626321],[-117.895987,33.626326],[-117.895981,33.62633],[-117.895976,33.626335],[-117.895976,33.626342],[-117.895976,33.626351],[-117.895974,33.626357],[-117.895972,33.626359],[-117.895968,33.626363],[-117.895961,33.626368],[-117.895954,33.626375],[-117.895947,33.626384],[-117.895939,33.626395],[-117.895931,33.626406],[-117.895923,33.626418],[-117.895909,33.626434],[-117.895905,33.626439],[-117.895886,33.626455],[-117.895875,33.626461],[-117.895864,33.626468],[-117.895853,33.626474],[-117.895842,33.626481],[-117.895823,33.626498],[-117.895815,33.626505],[-117.895808,33.626512],[-117.895797,33.626522],[-117.895788,33.626533],[-117.895778,33.626543],[-117.895761,33.626562],[-117.895753,33.62657],[-117.895746,33.626579],[-117.895738,33.626588],[-117.895731,33.626597],[-117.895723,33.626605],[-117.895716,33.626614],[-117.895705,33.626622],[-117.895694,33.626629],[-117.895681,33.626635],[-117.895669,33.626643],[-117.895658,33.626652],[-117.895648,33.626663],[-117.895639,33.626675],[-117.89563,33.626687],[-117.895621,33.626701],[-117.895612,33.626717],[-117.895592,33.626743],[-117.895583,33.626754],[-117.895575,33.626764],[-117.895551,33.62679],[-117.895542,33.626799],[-117.895532,33.626809],[-117.895505,33.626836],[-117.895495,33.626845],[-117.895465,33.626875],[-117.895454,33.626886],[-117.895442,33.626898],[-117.895407,33.626917],[-117.895393,33.626921],[-117.895342,33.626918],[-117.895322,33.626915],[-117.895301,33.626911],[-117.895258,33.626898],[-117.895245,33.626893],[-117.8952,33.62688],[-117.895183,33.626875],[-117.895165,33.62687],[-117.895124,33.62686],[-117.895111,33.626857],[-117.895067,33.626847],[-117.89505,33.626844],[-117.895033,33.62684],[-117.89499,33.626832],[-117.894973,33.62683],[-117.894956,33.626827],[-117.894917,33.626822],[-117.894904,33.62682],[-117.894863,33.626817],[-117.894846,33.626816],[-117.89483,33.626816],[-117.894794,33.626817],[-117.894782,33.626818],[-117.894744,33.626821],[-117.894729,33.626822],[-117.894714,33.626823],[-117.89468,33.626827],[-117.894669,33.626829],[-117.894634,33.626839],[-117.89462,33.626844],[-117.894606,33.626849],[-117.894572,33.626867],[-117.894558,33.626875],[-117.894545,33.626883],[-117.894518,33.626905],[-117.894509,33.626912],[-117.894479,33.626938],[-117.894466,33.626949],[-117.894454,33.626959],[-117.894426,33.626981],[-117.894416,33.626988],[-117.894384,33.62701],[-117.89437,33.627019],[-117.894357,33.627027],[-117.894325,33.627046],[-117.894314,33.627052],[-117.894277,33.627071],[-117.894263,33.627078],[-117.894248,33.627085],[-117.894214,33.627099],[-117.894202,33.627104],[-117.894164,33.627121],[-117.894148,33.627129],[-117.894133,33.627136],[-117.894098,33.627155],[-117.894085,33.627162],[-117.894071,33.62717],[-117.89404,33.627186],[-117.89403,33.627191],[-117.893995,33.627204],[-117.89398,33.627208],[-117.893965,33.627212],[-117.893931,33.627219],[-117.89392,33.627221],[-117.893887,33.62723],[-117.893875,33.627235],[-117.893863,33.627239],[-117.893839,33.627249],[-117.89383,33.627252],[-117.893806,33.627263],[-117.893796,33.627268],[-117.893787,33.627272],[-117.893774,33.627277],[-117.893762,33.627282],[-117.89375,33.627287],[-117.893728,33.6273],[-117.893717,33.627306],[-117.893707,33.627313],[-117.893696,33.627319],[-117.893686,33.627326],[-117.893674,33.627334],[-117.893661,33.627341],[-117.893639,33.627348],[-117.89363,33.62735],[-117.893622,33.627352],[-117.89361,33.627355],[-117.893598,33.62736],[-117.893587,33.627364],[-117.893577,33.627369],[-117.893566,33.627375],[-117.893554,33.62738],[-117.893541,33.627386],[-117.893527,33.627392],[-117.893513,33.627397],[-117.893498,33.627402],[-117.893481,33.627407],[-117.893462,33.627412],[-117.893441,33.627416],[-117.893408,33.627422],[-117.893398,33.627423],[-117.893361,33.62743],[-117.893346,33.627432],[-117.893331,33.627435],[-117.893288,33.627445],[-117.893272,33.627448],[-117.893212,33.627463],[-117.893188,33.627469],[-117.893165,33.627475],[-117.893115,33.627488],[-117.893098,33.627492],[-117.893045,33.627501],[-117.893024,33.627505],[-117.893003,33.627508],[-117.892952,33.627513],[-117.892933,33.627516],[-117.892913,33.627518],[-117.89287,33.627523],[-117.892855,33.627525],[-117.892806,33.627531],[-117.892787,33.627532],[-117.892768,33.627534],[-117.892728,33.627537],[-117.892715,33.627538],[-117.892671,33.627542],[-117.892653,33.627543],[-117.892635,33.627544],[-117.892593,33.627547],[-117.892578,33.627547],[-117.89253,33.627547],[-117.892511,33.627547],[-117.892493,33.627547],[-117.892454,33.627548],[-117.892441,33.627548],[-117.8924,33.627548],[-117.892384,33.627549],[-117.892368,33.627549],[-117.89233,33.627548],[-117.892315,33.627548],[-117.8923,33.627547],[-117.892264,33.627545],[-117.892252,33.627544],[-117.892212,33.627544],[-117.892196,33.627544],[-117.89218,33.627544],[-117.892168,33.627544],[-117.892155,33.627544],[-117.892115,33.627542],[-117.892099,33.62754],[-117.892083,33.627539],[-117.892048,33.627537],[-117.892037,33.627536],[-117.891999,33.627535],[-117.891984,33.627535],[-117.891968,33.627535],[-117.891923,33.627535],[-117.891904,33.627536],[-117.891886,33.627536],[-117.891846,33.627537],[-117.891832,33.627537],[-117.891786,33.627537],[-117.891768,33.627537],[-117.89175,33.627536],[-117.89171,33.627531],[-117.891697,33.627529],[-117.891654,33.627524],[-117.891637,33.627523],[-117.891619,33.627521],[-117.891577,33.627518],[-117.891564,33.627517],[-117.891521,33.627514],[-117.891503,33.627514],[-117.891486,33.627514],[-117.891446,33.62752],[-117.891433,33.627522],[-117.891395,33.627536],[-117.891382,33.627543],[-117.891368,33.62755],[-117.891338,33.62757],[-117.891327,33.627578],[-117.891315,33.627586],[-117.891287,33.627608],[-117.891277,33.627615],[-117.891245,33.627642],[-117.891233,33.627654],[-117.891221,33.627665],[-117.891196,33.627693],[-117.891188,33.627702],[-117.891163,33.627732],[-117.891154,33.627743],[-117.891144,33.627755],[-117.891126,33.627781],[-117.891119,33.627789],[-117.891098,33.627818],[-117.891089,33.627829],[-117.89108,33.627841],[-117.891055,33.627871],[-117.891046,33.627882],[-117.891036,33.627894],[-117.891016,33.627921],[-117.891009,33.62793],[-117.890989,33.627962],[-117.890982,33.627974],[-117.890974,33.627987],[-117.890957,33.628017],[-117.890951,33.628027],[-117.890934,33.628061],[-117.890928,33.628075],[-117.890922,33.628089],[-117.890914,33.62812],[-117.890911,33.62813],[-117.89091,33.628163],[-117.89091,33.628176],[-117.890911,33.628189],[-117.890918,33.628218],[-117.890921,33.628228],[-117.890928,33.628246],[-117.890936,33.628263],[-117.890945,33.62828],[-117.890966,33.628308],[-117.890976,33.62832],[-117.890985,33.628331],[-117.891009,33.628355],[-117.891018,33.628363],[-117.891045,33.628389],[-117.891057,33.6284],[-117.891068,33.62841],[-117.891093,33.628435],[-117.891102,33.628443],[-117.891131,33.62847],[-117.891142,33.628481],[-117.891154,33.628492],[-117.891183,33.628518],[-117.891193,33.628527],[-117.891223,33.628555],[-117.891234,33.628566],[-117.891246,33.628577],[-117.891276,33.628603],[-117.891289,33.628614],[-117.891301,33.628625],[-117.891329,33.628651],[-117.891339,33.628659],[-117.891367,33.628687],[-117.891377,33.628699],[-117.891387,33.62871],[-117.891409,33.628735],[-117.891417,33.628743],[-117.891443,33.628769],[-117.891454,33.628779],[-117.891464,33.62879],[-117.891487,33.628818],[-117.891495,33.628827],[-117.891517,33.628858],[-117.891525,33.62887],[-117.891534,33.628882],[-117.891555,33.628907],[-117.891563,33.628915],[-117.891589,33.62894],[-117.891601,33.62895],[-117.891612,33.62896],[-117.891639,33.628986],[-117.89165,33.628995],[-117.891661,33.629005],[-117.891684,33.629028],[-117.891692,33.629036],[-117.891715,33.629064],[-117.891725,33.629075],[-117.891734,33.629086],[-117.891755,33.629109],[-117.891762,33.629116],[-117.891776,33.629131],[-117.891788,33.629146],[-117.8918,33.62916],[-117.891818,33.629183],[-117.891824,33.629191],[-117.891841,33.629217],[-117.891848,33.629227],[-117.891854,33.629237],[-117.891859,33.62925],[-117.891862,33.629262],[-117.891866,33.629274],[-117.89187,33.629285],[-117.891876,33.629295],[-117.891881,33.629306],[-117.891886,33.629316],[-117.891891,33.629326],[-117.891897,33.629337],[-117.891903,33.629348],[-117.891912,33.629369],[-117.891914,33.629378],[-117.891917,33.629387],[-117.891921,33.6294],[-117.891925,33.629411],[-117.891929,33.629422],[-117.891934,33.629432],[-117.891938,33.629443],[-117.891942,33.629454],[-117.891947,33.629464],[-117.891957,33.629482],[-117.891961,33.62949],[-117.891966,33.629497],[-117.891973,33.629509],[-117.891979,33.629521],[-117.891985,33.629533],[-117.891991,33.629544],[-117.891996,33.629555],[-117.892001,33.629565],[-117.892006,33.629576],[-117.892011,33.629586],[-117.892021,33.629604],[-117.892024,33.62961],[-117.89203,33.629622],[-117.892036,33.629634],[-117.892042,33.629647],[-117.892054,33.629666],[-117.892058,33.629672],[-117.892067,33.629685],[-117.892075,33.629698],[-117.892082,33.629713],[-117.892096,33.629739],[-117.892102,33.629747],[-117.892119,33.629778],[-117.892126,33.629791],[-117.892132,33.629803],[-117.892148,33.629835],[-117.892156,33.629849],[-117.892163,33.629864],[-117.892184,33.629909],[-117.892191,33.629924],[-117.892211,33.629971],[-117.892219,33.629989],[-117.892227,33.630007],[-117.892247,33.630043],[-117.892255,33.630055],[-117.892286,33.630094],[-117.8923,33.630109],[-117.892313,33.630124],[-117.892344,33.630154],[-117.892354,33.630163],[-117.892387,33.630195],[-117.892401,33.630207],[-117.892414,33.63022],[-117.89245,33.630253],[-117.892464,33.630266],[-117.892479,33.630279],[-117.892513,33.630306],[-117.892525,33.630315],[-117.892563,33.630343],[-117.892577,33.630355],[-117.892592,33.630366],[-117.892625,33.630392],[-117.892636,33.6304],[-117.892679,33.630437],[-117.892699,33.630456],[-117.89272,33.630475],[-117.89275,33.630505],[-117.89276,33.630515],[-117.892788,33.630552],[-117.892799,33.630567],[-117.892809,33.630583],[-117.892827,33.630622],[-117.892833,33.630635],[-117.892848,33.63068],[-117.892854,33.630698],[-117.892859,33.630716],[-117.892867,33.630762],[-117.89287,33.63078],[-117.892872,33.630798],[-117.892871,33.63084],[-117.89287,33.630854],[-117.892865,33.630901],[-117.892861,33.630919],[-117.892858,33.630938],[-117.892849,33.63098],[-117.892845,33.630993],[-117.892838,33.631019],[-117.892829,33.631045],[-117.892814,33.631084],[-117.892808,33.631097],[-117.89279,33.631137],[-117.892782,33.631153],[-117.892775,33.631169],[-117.892754,33.631213],[-117.892745,33.63123],[-117.892736,33.631248],[-117.892717,33.631285],[-117.892711,33.631296],[-117.892691,33.631335],[-117.892684,33.631351],[-117.892676,33.631366],[-117.892658,33.631401],[-117.892652,33.631412],[-117.892632,33.631447],[-117.892624,33.631461],[-117.892616,33.631475],[-117.892599,33.631508],[-117.892593,33.631519],[-117.892572,33.631555],[-117.892564,33.63157],[-117.892555,33.631584],[-117.892536,33.631617],[-117.892529,33.631628],[-117.89251,33.631665],[-117.892502,33.63168],[-117.892495,33.631695],[-117.892478,33.631732],[-117.892472,33.631747],[-117.892465,33.631762],[-117.89245,33.631795],[-117.892445,33.631806],[-117.89243,33.631844],[-117.892424,33.63186],[-117.892419,33.631875],[-117.892404,33.631912],[-117.892399,33.631924],[-117.892381,33.631964],[-117.892374,33.631979],[-117.892367,33.631995],[-117.892354,33.632031],[-117.892349,33.632042],[-117.892336,33.63208],[-117.892331,33.632096],[-117.892326,33.632111],[-117.892311,33.632151],[-117.892306,33.632166],[-117.8923,33.632182],[-117.892289,33.632217],[-117.892286,33.632228],[-117.892276,33.632268],[-117.892272,33.632283],[-117.892268,33.632299],[-117.89226,33.632334],[-117.892257,33.632346],[-117.89225,33.632384],[-117.892248,33.632399],[-117.892246,33.632414],[-117.892243,33.632447],[-117.892241,33.632458],[-117.892237,33.632495],[-117.892235,33.632509],[-117.892234,33.632524],[-117.892234,33.632555],[-117.892235,33.632565],[-117.892235,33.632597],[-117.892236,33.632611],[-117.892236,33.632624],[-117.892236,33.632657],[-117.892236,33.63267],[-117.892236,33.632683],[-117.892238,33.632711],[-117.89224,33.63272],[-117.892245,33.632751],[-117.892248,33.632764],[-117.89225,33.632776],[-117.892259,33.632805],[-117.892263,33.632814],[-117.892273,33.632847],[-117.892276,33.63286],[-117.892279,33.632873],[-117.892286,33.632903],[-117.892289,33.632912],[-117.892299,33.632943],[-117.892303,33.632955],[-117.892307,33.632968],[-117.892314,33.633002],[-117.892318,33.633017],[-117.892321,33.633031],[-117.892329,33.633063],[-117.892332,33.633073],[-117.892341,33.633107],[-117.892345,33.633121],[-117.892349,33.633135],[-117.892357,33.633167],[-117.89236,33.633177],[-117.892371,33.633212],[-117.892375,33.633225],[-117.89238,33.633239],[-117.892387,33.633268],[-117.89239,33.633278],[-117.892396,33.633312],[-117.892398,33.633325],[-117.8924,33.633339],[-117.892406,33.633367],[-117.892409,33.633376],[-117.892421,33.633407],[-117.892426,33.63342],[-117.892431,33.633432],[-117.892443,33.633463],[-117.892446,33.633477],[-117.89245,33.63349],[-117.892454,33.633521],[-117.892456,33.633531],[-117.892461,33.633564],[-117.892464,33.633576],[-117.892466,33.633589],[-117.892471,33.633619],[-117.892473,33.633628],[-117.892478,33.633661],[-117.89248,33.633674],[-117.892482,33.633687],[-117.892489,33.633716],[-117.892491,33.633725],[-117.892497,33.633757],[-117.8925,33.63377],[-117.892502,33.633783],[-117.892507,33.633814],[-117.892509,33.633824],[-117.892517,33.633859],[-117.892521,33.633874],[-117.892525,33.633888],[-117.892537,33.633923],[-117.892541,33.633936],[-117.892546,33.63395],[-117.892556,33.633979],[-117.89256,33.633988],[-117.892573,33.634015],[-117.892579,33.634026],[-117.892585,33.634036],[-117.8926,33.634062],[-117.892606,33.634071],[-117.89262,33.634102],[-117.892624,33.634114],[-117.892629,33.634126],[-117.892637,33.634155],[-117.89264,33.634164],[-117.892647,33.634199],[-117.892649,33.634214],[-117.892652,33.634229],[-117.892663,33.634272],[-117.892667,33.63429],[-117.892672,33.634307],[-117.892682,33.634344],[-117.892685,33.634356],[-117.892694,33.634395],[-117.892697,33.63441],[-117.8927,33.634425],[-117.892706,33.634458],[-117.892708,33.634469],[-117.892718,33.634503],[-117.892723,33.634517],[-117.892727,33.63453],[-117.892736,33.634558],[-117.892739,33.634567],[-117.892749,33.634601],[-117.892752,33.634614],[-117.892756,33.634628],[-117.892762,33.63466],[-117.892764,33.63467],[-117.892772,33.634705],[-117.892775,33.634719],[-117.892778,33.634733],[-117.892785,33.634767],[-117.892787,33.634781],[-117.89279,33.634795],[-117.892796,33.634827],[-117.892798,33.634838],[-117.892806,33.634873],[-117.89281,33.634887],[-117.892813,33.634901],[-117.892819,33.634935],[-117.892821,33.634946],[-117.892826,33.634982],[-117.892827,33.634997],[-117.892829,33.635011],[-117.892834,33.635044],[-117.892836,33.635054],[-117.892841,33.635087],[-117.892844,33.6351],[-117.892846,33.635113],[-117.892852,33.635148],[-117.892855,33.635162],[-117.892857,33.635176],[-117.892859,33.635207],[-117.89286,33.635216],[-117.892857,33.635248],[-117.892856,33.635262],[-117.892854,33.635275],[-117.892849,33.635294],[-117.892844,33.63531],[-117.89284,33.635324],[-117.892839,33.635335],[-117.892837,33.635346],[-117.892834,33.635364],[-117.892832,33.63537],[-117.892827,33.635384],[-117.892824,33.635395],[-117.892821,33.635405],[-117.892818,33.635416],[-117.892814,33.635427],[-117.89281,33.635439],[-117.892805,33.635451],[-117.892801,33.635461],[-117.892796,33.635472],[-117.892791,33.635484],[-117.892787,33.635495],[-117.892782,33.635515],[-117.892779,33.635521],[-117.892773,33.635534],[-117.892766,33.635547],[-117.892759,33.63556],[-117.892752,33.635574],[-117.892744,33.635587],[-117.89273,33.635611],[-117.892724,33.63562],[-117.892718,33.63563],[-117.892703,33.635652],[-117.892698,33.63566],[-117.892678,33.635692],[-117.892669,33.635707],[-117.89266,33.635721],[-117.892635,33.635757],[-117.892625,33.635772],[-117.892615,33.635786],[-117.892591,33.635816],[-117.892583,33.635826],[-117.892556,33.635859],[-117.892546,33.635872],[-117.892535,33.635885],[-117.892512,33.635914],[-117.892504,33.635923],[-117.892481,33.635955],[-117.892471,33.635967],[-117.892462,33.63598],[-117.892442,33.636009],[-117.892435,33.636018],[-117.892413,33.636049],[-117.892404,33.636063],[-117.892396,33.636076],[-117.892379,33.636108],[-117.892373,33.636119],[-117.892352,33.636155],[-117.892342,33.636168],[-117.892333,33.636182],[-117.89231,33.636216],[-117.8923,33.636229],[-117.892291,33.636243],[-117.892273,33.636274],[-117.892266,33.636284],[-117.892245,33.636318],[-117.892237,33.636332],[-117.892228,33.636346],[-117.892207,33.636378],[-117.8922,33.636388],[-117.892182,33.63642],[-117.892176,33.636434],[-117.89217,33.636447],[-117.892157,33.636477],[-117.892152,33.636487],[-117.892137,33.63652],[-117.892132,33.636532],[-117.892126,33.636545],[-117.89211,33.636576],[-117.892103,33.636587],[-117.892097,33.636599],[-117.892083,33.636628],[-117.892078,33.636638],[-117.892063,33.636673],[-117.892056,33.636686],[-117.89205,33.6367],[-117.892038,33.636731],[-117.892033,33.636742],[-117.892019,33.636775],[-117.892013,33.636789],[-117.892008,33.636802],[-117.891994,33.636831],[-117.891989,33.636841],[-117.891974,33.636873],[-117.891968,33.636885],[-117.891963,33.636898],[-117.891949,33.636928],[-117.891944,33.636938],[-117.891925,33.636969],[-117.891917,33.636981],[-117.891909,33.636993],[-117.891889,33.637022],[-117.891881,33.637035],[-117.891873,33.637047],[-117.891857,33.637076],[-117.891851,33.637086],[-117.891833,33.637118],[-117.891825,33.637131],[-117.891818,33.637143],[-117.891802,33.637171],[-117.891796,33.637181],[-117.891776,33.637215],[-117.891767,33.637228],[-117.891759,33.637242],[-117.891743,33.637272],[-117.891738,33.637282],[-117.89172,33.637314],[-117.891712,33.637326],[-117.891705,33.637339],[-117.891685,33.63737],[-117.891677,33.637383],[-117.891669,33.637395],[-117.891648,33.637422],[-117.89164,33.637431],[-117.891616,33.63746],[-117.891607,33.637471],[-117.891598,33.637483],[-117.891581,33.63751],[-117.891576,33.637518],[-117.89156,33.637544],[-117.891552,33.637554],[-117.891545,33.637563],[-117.891538,33.637573],[-117.891533,33.637584],[-117.891529,33.637596],[-117.891525,33.637609],[-117.89152,33.637623],[-117.891511,33.637647],[-117.891507,33.637656],[-117.891489,33.63769],[-117.891481,33.637704],[-117.891473,33.637718],[-117.891457,33.637751],[-117.891451,33.637764],[-117.891445,33.637777],[-117.891433,33.637807],[-117.891429,33.637817],[-117.891415,33.63785],[-117.891409,33.637863],[-117.891403,33.637876],[-117.891391,33.637905],[-117.891386,33.637914],[-117.891371,33.637948],[-117.891365,33.637962],[-117.891359,33.637976],[-117.891349,33.638006],[-117.891346,33.638016],[-117.891337,33.63805],[-117.891333,33.638063],[-117.89133,33.638077],[-117.891321,33.63811],[-117.891316,33.638123],[-117.891312,33.638136],[-117.891302,33.638166],[-117.891298,33.638175],[-117.891288,33.638207],[-117.891285,33.638219],[-117.891281,33.638232],[-117.891274,33.638261],[-117.891272,33.638271],[-117.891261,33.638305],[-117.891255,33.638318],[-117.89125,33.638332],[-117.891236,33.638363],[-117.891232,33.638372],[-117.89122,33.638406],[-117.891215,33.638419],[-117.891211,33.638433],[-117.891202,33.638463],[-117.891198,33.638473],[-117.891187,33.638505],[-117.891184,33.638517],[-117.89118,33.63853],[-117.891172,33.638561],[-117.891169,33.638574],[-117.891166,33.638586],[-117.89116,33.638616],[-117.891158,33.638626],[-117.891153,33.638661],[-117.891151,33.638674],[-117.891149,33.638688],[-117.891146,33.63872],[-117.891144,33.63873],[-117.891142,33.638765],[-117.891141,33.638779],[-117.89114,33.638793],[-117.891139,33.638825],[-117.891139,33.638836],[-117.891141,33.638874],[-117.891142,33.63889],[-117.891143,33.638905],[-117.891143,33.638938],[-117.891142,33.638949],[-117.891142,33.638984],[-117.891143,33.638999],[-117.891143,33.639013],[-117.891141,33.639051],[-117.891141,33.639066],[-117.89114,33.639081],[-117.891137,33.639115],[-117.891136,33.639125],[-117.891138,33.639159],[-117.891139,33.639173],[-117.89114,33.639186],[-117.891142,33.639215],[-117.891143,33.639225],[-117.891144,33.639258],[-117.891145,33.639271],[-117.891146,33.639285],[-117.89115,33.639315],[-117.891152,33.639324],[-117.891158,33.639356],[-117.891159,33.639368],[-117.891161,33.639381],[-117.891163,33.639397],[-117.891165,33.639411],[-117.891168,33.639423],[-117.891171,33.639434],[-117.891173,33.639446],[-117.891174,33.639459],[-117.891174,33.639473],[-117.891176,33.639486],[-117.891179,33.639508],[-117.891181,33.639515],[-117.891184,33.639529],[-117.891188,33.639542],[-117.89119,33.639553],[-117.891193,33.639564],[-117.891196,33.639575],[-117.891199,33.639587],[-117.891201,33.639599],[-117.891202,33.639611],[-117.891204,33.639624],[-117.891205,33.639636],[-117.891207,33.639649],[-117.89121,33.639661],[-117.891212,33.639673],[-117.891216,33.639693],[-117.891218,33.639701],[-117.891219,33.639709],[-117.89122,33.639721],[-117.891221,33.639735],[-117.89122,33.63975],[-117.891218,33.639764],[-117.891217,33.639777],[-117.891219,33.639789],[-117.891221,33.6398],[-117.891224,33.639812],[-117.891228,33.639824],[-117.891231,33.639836],[-117.891234,33.639848],[-117.891237,33.639862],[-117.891239,33.639875],[-117.891241,33.639889],[-117.891243,33.639904],[-117.891246,33.639932],[-117.891247,33.639943],[-117.891248,33.639954],[-117.891252,33.639981],[-117.891254,33.63999],[-117.891262,33.640022],[-117.891266,33.640038],[-117.89127,33.640053],[-117.891282,33.640097],[-117.891287,33.640111],[-117.891305,33.640157],[-117.891312,33.640174],[-117.891319,33.640192],[-117.891333,33.64023],[-117.891338,33.640242],[-117.891353,33.64028],[-117.891359,33.640296],[-117.891365,33.640311],[-117.891378,33.640344],[-117.891382,33.640354],[-117.891395,33.640387],[-117.891401,33.640401],[-117.891406,33.640414],[-117.891417,33.640449],[-117.891422,33.640462],[-117.891426,33.640476],[-117.891438,33.640506],[-117.891443,33.640515],[-117.891462,33.640547],[-117.891469,33.640559],[-117.891477,33.640572],[-117.891496,33.640599],[-117.891503,33.640607],[-117.891525,33.640637],[-117.891534,33.64065],[-117.891543,33.640663],[-117.891561,33.640693],[-117.891567,33.640702],[-117.891589,33.640734],[-117.891598,33.640747],[-117.891607,33.64076],[-117.891632,33.640789],[-117.891642,33.640801],[-117.891652,33.640812],[-117.891674,33.640839],[-117.891681,33.640847],[-117.891703,33.640877],[-117.891711,33.640888],[-117.89172,33.6409],[-117.891741,33.640928],[-117.891748,33.640937],[-117.891773,33.640966],[-117.891784,33.640977],[-117.891794,33.640988],[-117.891818,33.641009],[-117.891827,33.641016],[-117.891858,33.641036],[-117.891872,33.641043],[-117.891885,33.641051],[-117.891916,33.641068],[-117.891927,33.641073],[-117.891962,33.64109],[-117.891977,33.641095],[-117.891992,33.641101],[-117.892032,33.64111],[-117.892047,33.641114],[-117.892063,33.641117],[-117.8921,33.641122],[-117.892113,33.641123],[-117.892152,33.641122],[-117.892168,33.64112],[-117.892183,33.641118],[-117.892219,33.641113],[-117.892231,33.641111],[-117.892269,33.641103],[-117.892285,33.6411],[-117.8923,33.641096],[-117.892331,33.641084],[-117.892341,33.641079],[-117.892376,33.641061],[-117.89239,33.641053],[-117.892404,33.641045],[-117.892438,33.641022],[-117.89245,33.641012],[-117.892463,33.641003],[-117.892492,33.640981],[-117.892501,33.640974],[-117.892536,33.640954],[-117.892551,33.640947],[-117.892566,33.64094],[-117.892603,33.640933],[-117.892616,33.640931],[-117.892659,33.640938],[-117.892676,33.640942],[-117.892693,33.640947],[-117.89273,33.640962],[-117.892742,33.640967],[-117.892783,33.640985],[-117.892799,33.640993],[-117.892816,33.641],[-117.892854,33.64102],[-117.892867,33.641026],[-117.892907,33.641048],[-117.892923,33.641056],[-117.892939,33.641065],[-117.89298,33.641087],[-117.892996,33.641095],[-117.893012,33.641104],[-117.893045,33.641123],[-117.893056,33.64113],[-117.893092,33.641156],[-117.893107,33.641168],[-117.893122,33.641179],[-117.893155,33.641204],[-117.893166,33.641211],[-117.893202,33.641232],[-117.893216,33.641241],[-117.893231,33.641249],[-117.893263,33.641269],[-117.893274,33.641276],[-117.893309,33.6413],[-117.893323,33.641309],[-117.893337,33.641319],[-117.893371,33.641343],[-117.893385,33.641353],[-117.893398,33.641363],[-117.893428,33.641384],[-117.893438,33.641391],[-117.89347,33.641415],[-117.893483,33.641426],[-117.893497,33.641436],[-117.893528,33.641461],[-117.893539,33.641469],[-117.893574,33.641494],[-117.893589,33.641504],[-117.893603,33.641514],[-117.893634,33.641536],[-117.893645,33.641543],[-117.893679,33.641568],[-117.893692,33.641579],[-117.893706,33.641589],[-117.893736,33.641613],[-117.893746,33.641621],[-117.893778,33.641646],[-117.893792,33.641655],[-117.893805,33.641665],[-117.89384,33.641688],[-117.893853,33.641698],[-117.893867,33.641707],[-117.893897,33.641729],[-117.893907,33.641736],[-117.893941,33.64176],[-117.893953,33.64177],[-117.893966,33.641779],[-117.893994,33.641799],[-117.894003,33.641806],[-117.894036,33.641828],[-117.894049,33.641837],[-117.894063,33.641846],[-117.894093,33.641866],[-117.894103,33.641873],[-117.894137,33.641895],[-117.89415,33.641904],[-117.894164,33.641913],[-117.894194,33.641934],[-117.894205,33.64194],[-117.894241,33.641963],[-117.894255,33.641973],[-117.89427,33.641982],[-117.894305,33.642004],[-117.89432,33.642012],[-117.894334,33.642021],[-117.894366,33.642041],[-117.894377,33.642047],[-117.894411,33.642069],[-117.894424,33.642078],[-117.894437,33.642087],[-117.894465,33.642107],[-117.894475,33.642114],[-117.894508,33.642137],[-117.894521,33.642147],[-117.894534,33.642157],[-117.894563,33.642181],[-117.894573,33.642189],[-117.894602,33.642217],[-117.894614,33.642229],[-117.894625,33.64224],[-117.894646,33.642272],[-117.894654,33.642285],[-117.894661,33.642298],[-117.894676,33.642329],[-117.894682,33.642339],[-117.894689,33.642379],[-117.894689,33.642395],[-117.894689,33.642412],[-117.894674,33.642448],[-117.894667,33.64246],[-117.894638,33.642499],[-117.894626,33.642515],[-117.894613,33.64253],[-117.894582,33.642566],[-117.894571,33.642577],[-117.894536,33.642615],[-117.894522,33.642629],[-117.894508,33.642644],[-117.894479,33.642674],[-117.894469,33.642684],[-117.894441,33.642718],[-117.89443,33.642732],[-117.894419,33.642745],[-117.894387,33.642778],[-117.894375,33.642792],[-117.894362,33.642805],[-117.894333,33.642835],[-117.894323,33.642845],[-117.894292,33.642877],[-117.89428,33.642889],[-117.894267,33.642902],[-117.894239,33.642932],[-117.89423,33.642942],[-117.8942,33.642974],[-117.894188,33.642986],[-117.894177,33.642999],[-117.894153,33.643026],[-117.894145,33.643035],[-117.894118,33.643064],[-117.894108,33.643074],[-117.894097,33.643085],[-117.894069,33.643113],[-117.894059,33.643124],[-117.894048,33.643135],[-117.894024,33.643162],[-117.894016,33.643171],[-117.893991,33.643201],[-117.893981,33.643213],[-117.893971,33.643225],[-117.893952,33.643253],[-117.893946,33.643262],[-117.893926,33.643298],[-117.893919,33.643313],[-117.893911,33.643328],[-117.893897,33.643361],[-117.893893,33.643371],[-117.893879,33.643404],[-117.893872,33.643417],[-117.893866,33.64343],[-117.893848,33.643461],[-117.893841,33.643471],[-117.893823,33.643506],[-117.893815,33.64352],[-117.893808,33.643533],[-117.893792,33.643568],[-117.893786,33.643583],[-117.89378,33.643597],[-117.893768,33.643631],[-117.893764,33.643642],[-117.893755,33.643679],[-117.893752,33.643695],[-117.893749,33.64371],[-117.893745,33.643746],[-117.893743,33.643758],[-117.89374,33.643797],[-117.893739,33.643812],[-117.893738,33.643828],[-117.893735,33.643864],[-117.893734,33.643876],[-117.893728,33.643914],[-117.893727,33.643929],[-117.893725,33.643944],[-117.893724,33.643982],[-117.893725,33.643998],[-117.893725,33.644013],[-117.893726,33.644048],[-117.893726,33.644059],[-117.893728,33.644096],[-117.893728,33.644109],[-117.893729,33.644123],[-117.893732,33.644155],[-117.893734,33.644166],[-117.89374,33.644203],[-117.893743,33.644217],[-117.893745,33.644232],[-117.893751,33.644264],[-117.893753,33.644275],[-117.89376,33.644311],[-117.893763,33.644325],[-117.893766,33.64434],[-117.893774,33.644372],[-117.893777,33.644382],[-117.893785,33.644418],[-117.893787,33.644432],[-117.89379,33.644447],[-117.893797,33.644485],[-117.893799,33.644501],[-117.893802,33.644516],[-117.893809,33.64455],[-117.893812,33.644561],[-117.89382,33.644598],[-117.893824,33.644613],[-117.893828,33.644628],[-117.893837,33.644662],[-117.893841,33.644673],[-117.893852,33.644711],[-117.893856,33.644725],[-117.893861,33.64474],[-117.89387,33.644775],[-117.893873,33.644787],[-117.89388,33.644825],[-117.893883,33.644841],[-117.893885,33.644856],[-117.893887,33.644893],[-117.893888,33.644909],[-117.893888,33.644924],[-117.893888,33.644961],[-117.893888,33.644974],[-117.893885,33.645015],[-117.893884,33.645032],[-117.893882,33.645048],[-117.893877,33.645084],[-117.893875,33.645095],[-117.893867,33.645133],[-117.893865,33.645147],[-117.893862,33.645162],[-117.893858,33.645195],[-117.893857,33.645206],[-117.89385,33.645243],[-117.893847,33.645259],[-117.893843,33.645274],[-117.893833,33.645307],[-117.893829,33.645318],[-117.893818,33.645355],[-117.893814,33.645371],[-117.893809,33.645386],[-117.893795,33.645424],[-117.89379,33.64544],[-117.893784,33.645455],[-117.893772,33.645488],[-117.893767,33.645499],[-117.893751,33.645537],[-117.893745,33.645552],[-117.893738,33.645567],[-117.893716,33.6456],[-117.893707,33.645611],[-117.893677,33.645646],[-117.893665,33.64566],[-117.893653,33.645673],[-117.893628,33.645705],[-117.893619,33.645716],[-117.893591,33.645752],[-117.893579,33.645766],[-117.893568,33.64578],[-117.893536,33.645812],[-117.893524,33.645824],[-117.893511,33.645836],[-117.893489,33.645866],[-117.893482,33.645876],[-117.893464,33.645908],[-117.893457,33.645921],[-117.89345,33.645933],[-117.893429,33.645958],[-117.893421,33.645966],[-117.893392,33.645994],[-117.893381,33.646006],[-117.893369,33.646017],[-117.893342,33.646043],[-117.893332,33.646052],[-117.8933,33.646079],[-117.893287,33.646089],[-117.893274,33.6461],[-117.893245,33.646122],[-117.893235,33.646129],[-117.893217,33.646142],[-117.893201,33.646155],[-117.893186,33.646167],[-117.893163,33.646186],[-117.893154,33.646194],[-117.893146,33.646201],[-117.893133,33.646209],[-117.893121,33.646216],[-117.893109,33.646221],[-117.893099,33.646227],[-117.893089,33.646234],[-117.893079,33.646241],[-117.893069,33.646247],[-117.89306,33.646256],[-117.893055,33.646266],[-117.893055,33.646278],[-117.893056,33.646291],[-117.893052,33.646302],[-117.893041,33.646309],[-117.893028,33.646311],[-117.893018,33.646312],[-117.893012,33.646314],[-117.893009,33.646318],[-117.893007,33.646323],[-117.893006,33.646328],[-117.893005,33.646335],[-117.893001,33.646343],[-117.892996,33.64635],[-117.89299,33.646357],[-117.892982,33.646363],[-117.892973,33.64637],[-117.892957,33.646385],[-117.892951,33.646392],[-117.892945,33.646399],[-117.892937,33.646411],[-117.89293,33.646424],[-117.892922,33.646436],[-117.892914,33.646447],[-117.892906,33.646458],[-117.892896,33.646467],[-117.892886,33.646475],[-117.892876,33.646484],[-117.892866,33.646494],[-117.892856,33.646504],[-117.892845,33.646514],[-117.892835,33.646524],[-117.892826,33.646534],[-117.892817,33.646545],[-117.892808,33.646557],[-117.89279,33.646579],[-117.892781,33.646589],[-117.892772,33.6466],[-117.892763,33.64661],[-117.892755,33.646621],[-117.892746,33.646632],[-117.892737,33.646642],[-117.892728,33.646653],[-117.892719,33.646663],[-117.89271,33.646674],[-117.892685,33.646702],[-117.892674,33.646712],[-117.892664,33.646723],[-117.892641,33.646746],[-117.892633,33.646753],[-117.892609,33.646775],[-117.892599,33.646786],[-117.892588,33.646796],[-117.892561,33.646826],[-117.892553,33.646837],[-117.892544,33.646847],[-117.892523,33.64687],[-117.892515,33.646878],[-117.892484,33.646911],[-117.892471,33.646925],[-117.892459,33.646938],[-117.892432,33.646967],[-117.892423,33.646976],[-117.892396,33.647007],[-117.892385,33.647019],[-117.892375,33.647031],[-117.892355,33.647057],[-117.892349,33.647066],[-117.892332,33.647094],[-117.892325,33.647105],[-117.892319,33.647116],[-117.892304,33.647143],[-117.892299,33.647154],[-117.892293,33.647165],[-117.892284,33.647191],[-117.892281,33.647199],[-117.892274,33.647227],[-117.892272,33.647238],[-117.89227,33.647249],[-117.892268,33.647262],[-117.892266,33.647273],[-117.892263,33.647284],[-117.89226,33.647295],[-117.892258,33.647306],[-117.892255,33.647316],[-117.892251,33.647327],[-117.892247,33.647337],[-117.892243,33.647348],[-117.892239,33.647359],[-117.892235,33.647372],[-117.892233,33.647385],[-117.892229,33.647405],[-117.892227,33.647413],[-117.892226,33.647421],[-117.892224,33.647432],[-117.892224,33.647442],[-117.892224,33.647451],[-117.892224,33.647461],[-117.892224,33.647472],[-117.892224,33.647484],[-117.892224,33.647497],[-117.892224,33.64751],[-117.892224,33.64753],[-117.892224,33.647536],[-117.892224,33.647548],[-117.892225,33.64756],[-117.892225,33.647571],[-117.892225,33.647583],[-117.892226,33.647594],[-117.892228,33.647605],[-117.892229,33.647618],[-117.892231,33.647631],[-117.892234,33.647643],[-117.892236,33.647657],[-117.892238,33.64767],[-117.892239,33.647689],[-117.89224,33.647695],[-117.892242,33.647707],[-117.892246,33.647721],[-117.892252,33.647737],[-117.89226,33.647761],[-117.892264,33.647769],[-117.892279,33.647801],[-117.892285,33.647813],[-117.892292,33.647826],[-117.892303,33.647852],[-117.892307,33.647861],[-117.892323,33.647906],[-117.892328,33.647924],[-117.892334,33.647943],[-117.892346,33.647984],[-117.892351,33.647997],[-117.892368,33.648039],[-117.892374,33.648056],[-117.892381,33.648072],[-117.892399,33.648113],[-117.892405,33.648129],[-117.892412,33.648146],[-117.892423,33.648184],[-117.892426,33.648196],[-117.892432,33.648238],[-117.892435,33.648254],[-117.892437,33.648271],[-117.892443,33.648308],[-117.892445,33.64832],[-117.892449,33.64836],[-117.89245,33.648375],[-117.892452,33.648391],[-117.892455,33.648423],[-117.892456,33.648433],[-117.892459,33.648468],[-117.892461,33.648481],[-117.892462,33.648495],[-117.892464,33.648529],[-117.892464,33.648542],[-117.892465,33.648556],[-117.892466,33.648588],[-117.892465,33.648599],[-117.892462,33.648635],[-117.892461,33.648649],[-117.892459,33.648663],[-117.892455,33.648694],[-117.892454,33.648704],[-117.892449,33.648739],[-117.892447,33.648753],[-117.892445,33.648767],[-117.892439,33.648797],[-117.892436,33.648807],[-117.892427,33.64884],[-117.892424,33.648854],[-117.892421,33.648867],[-117.892415,33.648897],[-117.892413,33.648907],[-117.892405,33.64894],[-117.892401,33.648954],[-117.892398,33.648967],[-117.892388,33.649003],[-117.892383,33.649017],[-117.892378,33.649032],[-117.892365,33.649064],[-117.892361,33.649075],[-117.892348,33.649112],[-117.892343,33.649127],[-117.892337,33.649142],[-117.892323,33.649175],[-117.892318,33.649185],[-117.892299,33.649219],[-117.892292,33.649233],[-117.892284,33.649246],[-117.892266,33.649274],[-117.892259,33.649283],[-117.892236,33.649311],[-117.892227,33.649323],[-117.892217,33.649334],[-117.892191,33.649362],[-117.892181,33.649372],[-117.892171,33.649383],[-117.89215,33.649406],[-117.892142,33.649414],[-117.892112,33.649439],[-117.892098,33.649449],[-117.892085,33.649458],[-117.892052,33.649478],[-117.892041,33.649484],[-117.89201,33.64951],[-117.891997,33.64952],[-117.891985,33.649531],[-117.891958,33.649557],[-117.891949,33.649566],[-117.891919,33.649598],[-117.891908,33.649611],[-117.891896,33.649624],[-117.891871,33.649654],[-117.891862,33.649664],[-117.891834,33.649698],[-117.891824,33.649713],[-117.891813,33.649727],[-117.891788,33.649763],[-117.891779,33.649777],[-117.891769,33.649791],[-117.891748,33.64982],[-117.89174,33.649828],[-117.891714,33.649856],[-117.891704,33.649868],[-117.891693,33.649879],[-117.89167,33.649903],[-117.891662,33.649911],[-117.891636,33.64994],[-117.891625,33.649951],[-117.891615,33.649963],[-117.891592,33.649989],[-117.891584,33.649997],[-117.89156,33.650026],[-117.891551,33.650037],[-117.891541,33.650049],[-117.891517,33.650081],[-117.891507,33.650093],[-117.891497,33.650106],[-117.891478,33.650133],[-117.891471,33.650142],[-117.89145,33.650174],[-117.891442,33.650187],[-117.891434,33.6502],[-117.891416,33.650228],[-117.89141,33.650237],[-117.891392,33.650268],[-117.891384,33.65028],[-117.891377,33.650293],[-117.891362,33.650321],[-117.891356,33.65033],[-117.891338,33.650362],[-117.891332,33.650374],[-117.891325,33.650387],[-117.89131,33.650416],[-117.891305,33.650425],[-117.891288,33.650457],[-117.891282,33.650471],[-117.891275,33.650484],[-117.89126,33.650516],[-117.891254,33.65053],[-117.891248,33.650543],[-117.891235,33.650573],[-117.891231,33.650583],[-117.891218,33.650616],[-117.891212,33.65063],[-117.891207,33.650643],[-117.891197,33.650673],[-117.891193,33.650683],[-117.891181,33.650718],[-117.891176,33.650731],[-117.891172,33.650745],[-117.891163,33.650776],[-117.89116,33.650786],[-117.891151,33.650819],[-117.891147,33.650832],[-117.891144,33.650845],[-117.891138,33.650874],[-117.891135,33.650884],[-117.891127,33.650916],[-117.891125,33.65093],[-117.891122,33.650943],[-117.891114,33.650977],[-117.891111,33.650991],[-117.891108,33.651005],[-117.891101,33.651035],[-117.891099,33.651045],[-117.891091,33.651079],[-117.891089,33.651091],[-117.891086,33.651104],[-117.89108,33.651133],[-117.891077,33.651143],[-117.89107,33.651177],[-117.891066,33.651192],[-117.891063,33.651206],[-117.891056,33.651238],[-117.891053,33.651249],[-117.891044,33.651287],[-117.891041,33.651303],[-117.891037,33.651318],[-117.891028,33.651355],[-117.891025,33.65137],[-117.891021,33.651385],[-117.891013,33.651419],[-117.89101,33.65143],[-117.890999,33.651467],[-117.890995,33.651482],[-117.890991,33.651497],[-117.890981,33.65153],[-117.890977,33.651541],[-117.890965,33.651578],[-117.89096,33.651593],[-117.890955,33.651608],[-117.890943,33.651642],[-117.890939,33.651653],[-117.890924,33.65169],[-117.890919,33.651704],[-117.890913,33.651719],[-117.890899,33.651751],[-117.890894,33.651761],[-117.890877,33.651796],[-117.89087,33.651809],[-117.890863,33.651823],[-117.890844,33.651858],[-117.890837,33.651872],[-117.890829,33.651886],[-117.890812,33.651917],[-117.890806,33.651927],[-117.890785,33.651961],[-117.890776,33.651975],[-117.890768,33.651988],[-117.890749,33.652018],[-117.890743,33.652027],[-117.890721,33.652057],[-117.890713,33.65207],[-117.890704,33.652082],[-117.890685,33.65211],[-117.890678,33.652119],[-117.890654,33.652151],[-117.890644,33.652163],[-117.890634,33.652176],[-117.890609,33.652208],[-117.890598,33.65222],[-117.890588,33.652233],[-117.890564,33.652261],[-117.890556,33.65227],[-117.890529,33.6523],[-117.890519,33.652312],[-117.890508,33.652324],[-117.890484,33.65235],[-117.890475,33.652359],[-117.890448,33.652387],[-117.890437,33.652399],[-117.890426,33.65241],[-117.890401,33.652435],[-117.890392,33.652443],[-117.890364,33.652471],[-117.890352,33.652483],[-117.890341,33.652494],[-117.890316,33.652518],[-117.890307,33.652526],[-117.890279,33.652553],[-117.890268,33.652564],[-117.890256,33.652575],[-117.890228,33.652602],[-117.890216,33.652613],[-117.890205,33.652624],[-117.890181,33.652648],[-117.890173,33.652656],[-117.890147,33.652681],[-117.890136,33.652692],[-117.890126,33.652702],[-117.890103,33.652725],[-117.890095,33.652733],[-117.890069,33.65276],[-117.890059,33.65277],[-117.890048,33.652781],[-117.890025,33.652805],[-117.890017,33.652813],[-117.889991,33.652839],[-117.889981,33.65285],[-117.889971,33.65286],[-117.889946,33.652887],[-117.889935,33.652897],[-117.889925,33.652908],[-117.889901,33.652932],[-117.889893,33.65294],[-117.889866,33.652968],[-117.889856,33.65298],[-117.889845,33.652991],[-117.889822,33.653016],[-117.889814,33.653024],[-117.889788,33.653051],[-117.889777,33.653062],[-117.889767,33.653073],[-117.889743,33.653099],[-117.889735,33.653107],[-117.889708,33.653134],[-117.889698,33.653146],[-117.889687,33.653157],[-117.889663,33.653183],[-117.889655,33.653191],[-117.889628,33.653219],[-117.889618,33.65323],[-117.889607,33.653241],[-117.889581,33.653268],[-117.88957,33.653278],[-117.88956,33.653289],[-117.889538,33.653312],[-117.889531,33.653319],[-117.889507,33.653344],[-117.889498,33.653353],[-117.889488,33.653363],[-117.889466,33.653386],[-117.889458,33.653393],[-117.889433,33.653418],[-117.889422,33.653429],[-117.889412,33.653439],[-117.88939,33.653462],[-117.889382,33.653469],[-117.889358,33.653493],[-117.889348,33.653502],[-117.889338,33.653512],[-117.889313,33.653538],[-117.889302,33.653549],[-117.889292,33.653559],[-117.889255,33.653597],[-117.889247,33.653604],[-117.889224,33.653628],[-117.889214,33.653638],[-117.889205,33.653647],[-117.889183,33.653669],[-117.889176,33.653676],[-117.889152,33.6537],[-117.889143,33.65371],[-117.889133,33.65372],[-117.889111,33.653742],[-117.889103,33.653749],[-117.889079,33.653773],[-117.88907,33.653783],[-117.889061,33.653792],[-117.889042,33.65381],[-117.889036,33.653815],[-117.889025,33.653826],[-117.889014,33.653837],[-117.889002,33.653848],[-117.888991,33.653859],[-117.888979,33.65387],[-117.888967,33.653882],[-117.888948,33.6539],[-117.888942,33.653905],[-117.88893,33.653916],[-117.88892,33.653926],[-117.88891,33.653935],[-117.888891,33.653952],[-117.888883,33.65396],[-117.888874,33.653969],[-117.888866,33.653977],[-117.888857,33.653985],[-117.888838,33.654003],[-117.888832,33.654009],[-117.88882,33.65402],[-117.888808,33.654032],[-117.888796,33.654043],[-117.888776,33.654063],[-117.888768,33.65407],[-117.88876,33.654078],[-117.888741,33.654097],[-117.888734,33.654104],[-117.888707,33.654131],[-117.888695,33.654143],[-117.888683,33.654155],[-117.888656,33.654183],[-117.888646,33.654192],[-117.888615,33.654224],[-117.888602,33.654236],[-117.88859,33.654249],[-117.888562,33.654278],[-117.888553,33.654287],[-117.888522,33.654318],[-117.888509,33.65433],[-117.888497,33.654343],[-117.88847,33.654371],[-117.88846,33.65438],[-117.88843,33.65441],[-117.888417,33.654423],[-117.888405,33.654435],[-117.888374,33.654466],[-117.888362,33.654479],[-117.888349,33.654491],[-117.888321,33.65452],[-117.888311,33.654529],[-117.88828,33.65456],[-117.888267,33.654573],[-117.888255,33.654585],[-117.888229,33.654612],[-117.88822,33.654621],[-117.888189,33.654652],[-117.888177,33.654665],[-117.888165,33.654677],[-117.888138,33.654706],[-117.888129,33.654715],[-117.8881,33.654744],[-117.888089,33.654756],[-117.888078,33.654767],[-117.88805,33.654795],[-117.888039,33.654807],[-117.888028,33.654818],[-117.888004,33.654844],[-117.887995,33.654852],[-117.887968,33.65488],[-117.887958,33.654891],[-117.887947,33.654902],[-117.887924,33.654927],[-117.887916,33.654935],[-117.887891,33.654961],[-117.887882,33.654972],[-117.887872,33.654982],[-117.887849,33.655005],[-117.887841,33.655013],[-117.887815,33.65504],[-117.887805,33.65505],[-117.887794,33.655061],[-117.887769,33.655086],[-117.88776,33.655094],[-117.887733,33.655122],[-117.887723,33.655133],[-117.887712,33.655144],[-117.887686,33.655172],[-117.887676,33.655183],[-117.887666,33.655194],[-117.887643,33.655219],[-117.887635,33.655227],[-117.88761,33.655255],[-117.887599,33.655266],[-117.887589,33.655278],[-117.887568,33.655304],[-117.88756,33.655312],[-117.887537,33.655341],[-117.887527,33.655353],[-117.887518,33.655365],[-117.887498,33.655391],[-117.887491,33.655399],[-117.887471,33.655427],[-117.887462,33.655439],[-117.887454,33.65545],[-117.887437,33.655474],[-117.887431,33.655481],[-117.887421,33.655495],[-117.887412,33.655507],[-117.887403,33.655519],[-117.887395,33.65553],[-117.887387,33.65554],[-117.887378,33.655552],[-117.88737,33.655563],[-117.887362,33.655574],[-117.887354,33.655584],[-117.887346,33.655595],[-117.887337,33.655606],[-117.887328,33.655618],[-117.887318,33.65563],[-117.887308,33.655643],[-117.887297,33.655656],[-117.887286,33.65567],[-117.887268,33.655694],[-117.887261,33.655702],[-117.88724,33.655734],[-117.887233,33.655747],[-117.887225,33.65576],[-117.887217,33.655793],[-117.887216,33.655806],[-117.887216,33.655819],[-117.88723,33.655849],[-117.887236,33.655858],[-117.887262,33.65589],[-117.887273,33.655902],[-117.887285,33.655915],[-117.887315,33.655944],[-117.887325,33.655953],[-117.887358,33.655984],[-117.887372,33.655995],[-117.887385,33.656007],[-117.887414,33.656034],[-117.887424,33.656042],[-117.887458,33.656071],[-117.887471,33.656082],[-117.887485,33.656094],[-117.887516,33.656121],[-117.887527,33.656129],[-117.88756,33.656159],[-117.887572,33.656172],[-117.887585,33.656184],[-117.887615,33.656216],[-117.887627,33.656228],[-117.887639,33.656241],[-117.887667,33.656268],[-117.887677,33.656277],[-117.887711,33.656306],[-117.887724,33.656318],[-117.887738,33.656329],[-117.887771,33.656356],[-117.887782,33.656365],[-117.887822,33.656394],[-117.887837,33.656405],[-117.887853,33.656417],[-117.887888,33.656442],[-117.8879,33.65645],[-117.887938,33.656478],[-117.887954,33.656488],[-117.887969,33.656499],[-117.888006,33.656526],[-117.888022,33.656536],[-117.888037,33.656547],[-117.888069,33.656571],[-117.88808,33.656579],[-117.888115,33.656604],[-117.888129,33.656614],[-117.888143,33.656624],[-117.888174,33.656647],[-117.888184,33.656654],[-117.888217,33.656678],[-117.888231,33.656688],[-117.888244,33.656697],[-117.888273,33.656719],[-117.888283,33.656726],[-117.888317,33.65675],[-117.888331,33.65676],[-117.888345,33.65677],[-117.888376,33.656793],[-117.888387,33.6568],[-117.888421,33.656825],[-117.888434,33.656835],[-117.888448,33.656845],[-117.888483,33.65687],[-117.888498,33.656881],[-117.888512,33.656891],[-117.888544,33.656914],[-117.888555,33.656921],[-117.88859,33.656946],[-117.888603,33.656955],[-117.888617,33.656965],[-117.888648,33.656987],[-117.888659,33.656994],[-117.888694,33.657018],[-117.888708,33.657028],[-117.888722,33.657037],[-117.888753,33.657059],[-117.888763,33.657066],[-117.888798,33.657089],[-117.888812,33.657099],[-117.888826,33.657108],[-117.888861,33.657131],[-117.888875,33.65714],[-117.888889,33.657149],[-117.88892,33.65717],[-117.888931,33.657177],[-117.888967,33.657199],[-117.888981,33.657209],[-117.888995,33.657218],[-117.889025,33.657238],[-117.889036,33.657244],[-117.889071,33.657267],[-117.889085,33.657276],[-117.889099,33.657285],[-117.889131,33.657306],[-117.889142,33.657313],[-117.889178,33.657338],[-117.889193,33.657347],[-117.889207,33.657357],[-117.889239,33.65738],[-117.88925,33.657387],[-117.889285,33.657411],[-117.8893,33.657421],[-117.889314,33.657431],[-117.889351,33.657457],[-117.889365,33.657468],[-117.88938,33.657478],[-117.889411,33.657501],[-117.889422,33.657508],[-117.889458,33.657534],[-117.889472,33.657544],[-117.889486,33.657554],[-117.889518,33.657578],[-117.889529,33.657585],[-117.889564,33.657611],[-117.889577,33.657621],[-117.889591,33.657631],[-117.889622,33.657654],[-117.889633,33.657661],[-117.889667,33.657686],[-117.88968,33.657696],[-117.889693,33.657706],[-117.889726,33.65773],[-117.88974,33.657739],[-117.889753,33.657749],[-117.889783,33.657772],[-117.889793,33.657779],[-117.889828,33.657804],[-117.889842,33.657814],[-117.889856,33.657824],[-117.889887,33.657847],[-117.889898,33.657854],[-117.889933,33.657879],[-117.889947,33.657888],[-117.889961,33.657898],[-117.889992,33.65792],[-117.890002,33.657927],[-117.890035,33.657949],[-117.890048,33.657959],[-117.890061,33.657968],[-117.89009,33.657989],[-117.8901,33.657996],[-117.890132,33.65802],[-117.890145,33.658029],[-117.890157,33.658039],[-117.890189,33.658064],[-117.890201,33.658075],[-117.890214,33.658085],[-117.890241,33.658109],[-117.890251,33.658117],[-117.89028,33.658148],[-117.890292,33.65816],[-117.890303,33.658173],[-117.890322,33.658204],[-117.890327,33.658215],[-117.890327,33.658255],[-117.890323,33.658271],[-117.890319,33.658287],[-117.8903,33.658322],[-117.890292,33.658333],[-117.890263,33.658369],[-117.890252,33.658383],[-117.89024,33.658397],[-117.890208,33.65843],[-117.890196,33.658444],[-117.890183,33.658457],[-117.890156,33.658487],[-117.890146,33.658497],[-117.890115,33.658529],[-117.890103,33.658542],[-117.890091,33.658555],[-117.890063,33.658584],[-117.890054,33.658593],[-117.890024,33.658624],[-117.890013,33.658637],[-117.890001,33.658649],[-117.889976,33.658676],[-117.889967,33.658684],[-117.889938,33.658713],[-117.889926,33.658725],[-117.889915,33.658736],[-117.889889,33.658762],[-117.88988,33.65877],[-117.88985,33.658799],[-117.889839,33.65881],[-117.889827,33.658822],[-117.889797,33.658852],[-117.889784,33.658863],[-117.889772,33.658875],[-117.889744,33.658904],[-117.889734,33.658913],[-117.889703,33.658943],[-117.889691,33.658955],[-117.889679,33.658967],[-117.889651,33.658994],[-117.889642,33.659003],[-117.88961,33.659034],[-117.889598,33.659047],[-117.889585,33.659059],[-117.889558,33.659086],[-117.889549,33.659095],[-117.889518,33.659125],[-117.889507,33.659137],[-117.889495,33.659149],[-117.889466,33.659177],[-117.889454,33.659189],[-117.889443,33.6592],[-117.889417,33.659226],[-117.889408,33.659235],[-117.88938,33.659263],[-117.889368,33.659275],[-117.889357,33.659286],[-117.889332,33.659312],[-117.889323,33.65932],[-117.889295,33.659348],[-117.889283,33.659359],[-117.889272,33.65937],[-117.889247,33.659396],[-117.889238,33.659404],[-117.88921,33.659432],[-117.889199,33.659444],[-117.889188,33.659455],[-117.889162,33.659482],[-117.889153,33.65949],[-117.889125,33.65952],[-117.889113,33.659532],[-117.889102,33.659544],[-117.889074,33.659574],[-117.889062,33.659586],[-117.889051,33.659598],[-117.889025,33.659625],[-117.889016,33.659634],[-117.888988,33.659663],[-117.888977,33.659674],[-117.888966,33.659686],[-117.888942,33.659712],[-117.888934,33.65972],[-117.888908,33.659748],[-117.888897,33.659759],[-117.888887,33.65977],[-117.888863,33.659796],[-117.888855,33.659804],[-117.888828,33.659831],[-117.888817,33.659843],[-117.888806,33.659854],[-117.888781,33.659881],[-117.888772,33.659889],[-117.888744,33.659917],[-117.888733,33.659929],[-117.888722,33.65994],[-117.888695,33.659967],[-117.888684,33.659978],[-117.888673,33.659989],[-117.888649,33.660015],[-117.888641,33.660023],[-117.888615,33.66005],[-117.888605,33.660061],[-117.888594,33.660072],[-117.888572,33.660096],[-117.888564,33.660104],[-117.888539,33.66013],[-117.888529,33.66014],[-117.888519,33.66015],[-117.888497,33.660173],[-117.88849,33.660181],[-117.888465,33.660206],[-117.888456,33.660216],[-117.888446,33.660226],[-117.888421,33.660252],[-117.888411,33.660262],[-117.888401,33.660272],[-117.888379,33.660296],[-117.888371,33.660304],[-117.888346,33.66033],[-117.888336,33.660341],[-117.888326,33.660351],[-117.888305,33.660374],[-117.888297,33.660381],[-117.888273,33.660406],[-117.888263,33.660415],[-117.888254,33.660425],[-117.888241,33.660439],[-117.888227,33.660453],[-117.888201,33.660479],[-117.888191,33.66049],[-117.88818,33.660501],[-117.888156,33.660526],[-117.888147,33.660534],[-117.888121,33.66056],[-117.88811,33.660571],[-117.8881,33.660581],[-117.888074,33.660608],[-117.888063,33.660619],[-117.888052,33.66063],[-117.888027,33.660656],[-117.888018,33.660665],[-117.887989,33.660695],[-117.887978,33.660707],[-117.887966,33.660719],[-117.887942,33.660745],[-117.887933,33.660754],[-117.887905,33.660784],[-117.887894,33.660796],[-117.887883,33.660808],[-117.887858,33.660835],[-117.887849,33.660844],[-117.887821,33.660875],[-117.88781,33.660888],[-117.887799,33.6609],[-117.887774,33.660931],[-117.887765,33.660943],[-117.887755,33.660956],[-117.887736,33.660985],[-117.88773,33.660994],[-117.88772,33.661026],[-117.88772,33.66104],[-117.887719,33.661053],[-117.887735,33.661083],[-117.887743,33.661092],[-117.887777,33.661122],[-117.887791,33.661132],[-117.887806,33.661143],[-117.887842,33.661167],[-117.887854,33.661174],[-117.887895,33.661199],[-117.887912,33.66121],[-117.887929,33.66122],[-117.887966,33.661244],[-117.887979,33.661252],[-117.88802,33.661278],[-117.888037,33.661288],[-117.888053,33.661299],[-117.888093,33.661325],[-117.888109,33.661336],[-117.888125,33.661346],[-117.88816,33.66137],[-117.888172,33.661378],[-117.888211,33.661405],[-117.888226,33.661415],[-117.888242,33.661426],[-117.888275,33.66145],[-117.888287,33.661458],[-117.888324,33.661483],[-117.888338,33.661494],[-117.888353,33.661504],[-117.888384,33.661527],[-117.888395,33.661534],[-117.888429,33.661559],[-117.888442,33.661568],[-117.888456,33.661578],[-117.888491,33.661603],[-117.888505,33.661612],[-117.888519,33.661622],[-117.888549,33.661644],[-117.888559,33.661651],[-117.888592,33.661675],[-117.888606,33.661684],[-117.888619,33.661694],[-117.888649,33.661715],[-117.888659,33.661722],[-117.888693,33.661746],[-117.888706,33.661755],[-117.88872,33.661765],[-117.888751,33.661787],[-117.888761,33.661794],[-117.888795,33.661818],[-117.888809,33.661828],[-117.888823,33.661837],[-117.888853,33.661858],[-117.888863,33.661865],[-117.888898,33.661888],[-117.888911,33.661898],[-117.888925,33.661907],[-117.88896,33.66193],[-117.888975,33.66194],[-117.888989,33.661949],[-117.889021,33.66197],[-117.889032,33.661977],[-117.889067,33.662001],[-117.889082,33.662011],[-117.889096,33.66202],[-117.889128,33.662042],[-117.889139,33.662049],[-117.889175,33.662074],[-117.889189,33.662083],[-117.889203,33.662093],[-117.889234,33.662114],[-117.889245,33.662121],[-117.889279,33.662144],[-117.889292,33.662153],[-117.889306,33.662162],[-117.889341,33.662185],[-117.889354,33.662195],[-117.889368,33.662204],[-117.889398,33.662225],[-117.889408,33.662231],[-117.889441,33.662254],[-117.889454,33.662262],[-117.889467,33.662271],[-117.889496,33.66229],[-117.889506,33.662297],[-117.889539,33.662319],[-117.889553,33.662328],[-117.889566,33.662337],[-117.889596,33.662358],[-117.889606,33.662364],[-117.889639,33.662387],[-117.889652,33.662396],[-117.889665,33.662405],[-117.889696,33.662427],[-117.889707,33.662434],[-117.889741,33.662458],[-117.889755,33.662467],[-117.889768,33.662477],[-117.889801,33.6625],[-117.889815,33.66251],[-117.889828,33.662519],[-117.889858,33.66254],[-117.889869,33.662547],[-117.889903,33.662572],[-117.889917,33.662581],[-117.889931,33.662591],[-117.889963,33.662614],[-117.889974,33.662621],[-117.890008,33.662645],[-117.890021,33.662655],[-117.890035,33.662664],[-117.890065,33.662685],[-117.890075,33.662692],[-117.890107,33.662715],[-117.890121,33.662725],[-117.890134,33.662734],[-117.890166,33.662757],[-117.890179,33.662767],[-117.890192,33.662776],[-117.89022,33.662797],[-117.89023,33.662804],[-117.890262,33.662826],[-117.890274,33.662835],[-117.890287,33.662844],[-117.890315,33.662865],[-117.890325,33.662871],[-117.890357,33.662895],[-117.89037,33.662904],[-117.890383,33.662914],[-117.890413,33.662936],[-117.890423,33.662943],[-117.890457,33.662968],[-117.89047,33.662978],[-117.890484,33.662988],[-117.890514,33.66301],[-117.890524,33.663017],[-117.890558,33.663042],[-117.890572,33.663051],[-117.890585,33.663061],[-117.890618,33.663085],[-117.890631,33.663095],[-117.890644,33.663104],[-117.890674,33.663125],[-117.890684,33.663132],[-117.890717,33.663155],[-117.89073,33.663165],[-117.890743,33.663174],[-117.890772,33.663194],[-117.890782,33.663201],[-117.890815,33.663224],[-117.890829,33.663234],[-117.890842,33.663243],[-117.890872,33.663263],[-117.890882,33.66327],[-117.890916,33.663292],[-117.89093,33.663302],[-117.890944,33.663311],[-117.890979,33.663334],[-117.890994,33.663343],[-117.891008,33.663353],[-117.891041,33.663374],[-117.891052,33.663381],[-117.891089,33.663404],[-117.891103,33.663414],[-117.891118,33.663423],[-117.891151,33.663445],[-117.891163,33.663452],[-117.891201,33.663476],[-117.891216,33.663485],[-117.891231,33.663495],[-117.891264,33.663516],[-117.891275,33.663523],[-117.891311,33.663545],[-117.891325,33.663555],[-117.89134,33.663564],[-117.891371,33.663585],[-117.891382,33.663592],[-117.891417,33.663614],[-117.891431,33.663624],[-117.891445,33.663633],[-117.891479,33.663656],[-117.891492,33.663665],[-117.891506,33.663674],[-117.891536,33.663695],[-117.891546,33.663701],[-117.891579,33.663723],[-117.891592,33.663733],[-117.891606,33.663742],[-117.891636,33.663762],[-117.891647,33.663769],[-117.891681,33.663793],[-117.891696,33.663802],[-117.89171,33.663812],[-117.891742,33.663833],[-117.891753,33.66384],[-117.891788,33.663865],[-117.891803,33.663874],[-117.891817,33.663884],[-117.89185,33.663906],[-117.891861,33.663913],[-117.891897,33.663937],[-117.891911,33.663947],[-117.891926,33.663957],[-117.891961,33.663982],[-117.891976,33.663991],[-117.89199,33.664001],[-117.892022,33.664024],[-117.892033,33.664031],[-117.892068,33.664055],[-117.892083,33.664065],[-117.892097,33.664075],[-117.892128,33.664097],[-117.892139,33.664104],[-117.892174,33.664128],[-117.892189,33.664137],[-117.892203,33.664147],[-117.892234,33.664169],[-117.892245,33.664176],[-117.89228,33.664201],[-117.892294,33.66421],[-117.892308,33.66422],[-117.892342,33.664244],[-117.892355,33.664253],[-117.892369,33.664263],[-117.8924,33.664285],[-117.89241,33.664292],[-117.892443,33.664316],[-117.892457,33.664326],[-117.89247,33.664335],[-117.8925,33.664358],[-117.89251,33.664365],[-117.892543,33.66439],[-117.892556,33.664399],[-117.892569,33.664409],[-117.892597,33.664431],[-117.892607,33.664438],[-117.892639,33.664462],[-117.892651,33.664471],[-117.892664,33.664481],[-117.892692,33.664503],[-117.892702,33.66451],[-117.892734,33.664533],[-117.892746,33.664542],[-117.892759,33.664551],[-117.892789,33.664574],[-117.892802,33.664582],[-117.892814,33.664591],[-117.892842,33.664611],[-117.892852,33.664618],[-117.892885,33.664641],[-117.892899,33.664651],[-117.892912,33.66466],[-117.892942,33.664682],[-117.892953,33.664689],[-117.892986,33.664712],[-117.892999,33.664721],[-117.893012,33.66473],[-117.89304,33.66475],[-117.89305,33.664757],[-117.893083,33.664779],[-117.893097,33.664789],[-117.89311,33.664798],[-117.893144,33.664821],[-117.893157,33.664831],[-117.893171,33.66484],[-117.893201,33.664862],[-117.893211,33.664869],[-117.893242,33.664891],[-117.893255,33.6649],[-117.893267,33.664909],[-117.893295,33.664929],[-117.893305,33.664936],[-117.893337,33.664958],[-117.893349,33.664967],[-117.893362,33.664976],[-117.89339,33.664997],[-117.893399,33.665003],[-117.893431,33.665025],[-117.893444,33.665035],[-117.893457,33.665044],[-117.893487,33.665066],[-117.893498,33.665073],[-117.893533,33.665098],[-117.893546,33.665107],[-117.89356,33.665117],[-117.893595,33.665141],[-117.893608,33.66515],[-117.893622,33.66516],[-117.893654,33.665182],[-117.893665,33.665189],[-117.8937,33.665213],[-117.893714,33.665222],[-117.893728,33.665232],[-117.893759,33.665253],[-117.89377,33.66526],[-117.893805,33.665283],[-117.893819,33.665293],[-117.893833,33.665302],[-117.893866,33.665323],[-117.893877,33.66533],[-117.893914,33.665353],[-117.893928,33.665363],[-117.893943,33.665372],[-117.89398,33.665395],[-117.893995,33.665405],[-117.89401,33.665414],[-117.894044,33.665435],[-117.894056,33.665442],[-117.894094,33.665464],[-117.894109,33.665474],[-117.894125,33.665483],[-117.894161,33.665505],[-117.894173,33.665512],[-117.894213,33.665535],[-117.894228,33.665544],[-117.894244,33.665553],[-117.894278,33.665574],[-117.89429,33.66558],[-117.894328,33.665601],[-117.894344,33.665609],[-117.894359,33.665617],[-117.894393,33.665634],[-117.894404,33.665639],[-117.894442,33.665659],[-117.894457,33.665667],[-117.894472,33.665675],[-117.894509,33.665697],[-117.894523,33.665705],[-117.894538,33.665714],[-117.894571,33.665734],[-117.894582,33.66574],[-117.894619,33.665763],[-117.894633,33.665772],[-117.894648,33.665781],[-117.894681,33.665803],[-117.894693,33.66581],[-117.894731,33.665834],[-117.894745,33.665843],[-117.89476,33.665853],[-117.894793,33.665875],[-117.894804,33.665882],[-117.894841,33.665907],[-117.894855,33.665916],[-117.89487,33.665926],[-117.894908,33.665951],[-117.894923,33.665961],[-117.894938,33.665971],[-117.894973,33.665995],[-117.894985,33.666002],[-117.895023,33.666028],[-117.895038,33.666039],[-117.895053,33.666049],[-117.895086,33.666073],[-117.895097,33.666081],[-117.895135,33.666109],[-117.895149,33.66612],[-117.895164,33.666131],[-117.895197,33.666157],[-117.895208,33.666166],[-117.895243,33.666196],[-117.895257,33.666207],[-117.895271,33.666219],[-117.895301,33.666245],[-117.895311,33.666253],[-117.895347,33.666279],[-117.895361,33.666289],[-117.895376,33.666299],[-117.895417,33.666316],[-117.895434,33.666322],[-117.895451,33.666327],[-117.895489,33.666334],[-117.895502,33.666335],[-117.895546,33.666338],[-117.895564,33.666339],[-117.895582,33.66634],[-117.895624,33.666341],[-117.895638,33.666341],[-117.895685,33.666341],[-117.895703,33.666342],[-117.895722,33.666342],[-117.895765,33.666343],[-117.895779,33.666343],[-117.895827,33.666344],[-117.895845,33.666345],[-117.895864,33.666345],[-117.895911,33.666345],[-117.895931,33.666346],[-117.89595,33.666346],[-117.895996,33.666347],[-117.896011,33.666347],[-117.896061,33.666348],[-117.89608,33.666349],[-117.8961,33.666349],[-117.896145,33.66635],[-117.89616,33.66635],[-117.89621,33.66635],[-117.89623,33.666351],[-117.89625,33.666351],[-117.896295,33.666352],[-117.896311,33.666352],[-117.896363,33.666352],[-117.896384,33.666353],[-117.896405,33.666353],[-117.896453,33.666353],[-117.896468,33.666353],[-117.896519,33.666353],[-117.89654,33.666353],[-117.89656,33.666353],[-117.89661,33.666353],[-117.89663,33.666352],[-117.89665,33.666352],[-117.896695,33.666352],[-117.89671,33.666352],[-117.89676,33.666351],[-117.89678,33.66635],[-117.8968,33.66635],[-117.896846,33.66635],[-117.896861,33.666349],[-117.896912,33.666349],[-117.896933,33.666348],[-117.896953,33.666348],[-117.896999,33.666347],[-117.897013,33.666347],[-117.897061,33.666345],[-117.897079,33.666345],[-117.897098,33.666344],[-117.897141,33.666343],[-117.897155,33.666342],[-117.897203,33.66634],[-117.897223,33.66634],[-117.897242,33.666339],[-117.897291,33.666337],[-117.89731,33.666336],[-117.89733,33.666335],[-117.897375,33.666333],[-117.897389,33.666332],[-117.897438,33.666329],[-117.897457,33.666327],[-117.897477,33.666326],[-117.897521,33.666323],[-117.897536,33.666322],[-117.897585,33.666319],[-117.897604,33.666317],[-117.897624,33.666316],[-117.897669,33.666313],[-117.897683,33.666312],[-117.897733,33.666309],[-117.897752,33.666307],[-117.897772,33.666306],[-117.897823,33.666301],[-117.897842,33.666299],[-117.897862,33.666297],[-117.897907,33.666291],[-117.897921,33.666289],[-117.897969,33.666281],[-117.897987,33.666278],[-117.898006,33.666274],[-117.898047,33.666262],[-117.89806,33.666257],[-117.898103,33.666239],[-117.89812,33.666232],[-117.898137,33.666224],[-117.898175,33.666208],[-117.898187,33.666202],[-117.898232,33.666184],[-117.898251,33.666177],[-117.898269,33.66617],[-117.898311,33.666157],[-117.898324,33.666153],[-117.898367,33.666142],[-117.898384,33.666138],[-117.898401,33.666134],[-117.898442,33.666124],[-117.898457,33.666119],[-117.898473,33.666115],[-117.898495,33.66611],[-117.898518,33.666107],[-117.898561,33.666105],[-117.89858,33.666104],[-117.898598,33.666104],[-117.898643,33.666105],[-117.898658,33.666105],[-117.898707,33.666108],[-117.898727,33.666109],[-117.898747,33.66611],[-117.898791,33.666112],[-117.898806,33.666113],[-117.898857,33.666115],[-117.898877,33.666115],[-117.898897,33.666116],[-117.898948,33.666114],[-117.898968,33.666114],[-117.898988,33.666113],[-117.899033,33.66611],[-117.899048,33.666108],[-117.899099,33.666106],[-117.899119,33.666105],[-117.899139,33.666104],[-117.899186,33.666103],[-117.899201,33.666102],[-117.89925,33.6661],[-117.89927,33.6661],[-117.899289,33.666099],[-117.899334,33.666097],[-117.899349,33.666096],[-117.899398,33.666095],[-117.899417,33.666094],[-117.899436,33.666094],[-117.899479,33.666093],[-117.899493,33.666093],[-117.899541,33.666093],[-117.89956,33.666093],[-117.89958,33.666093],[-117.89963,33.666092],[-117.899651,33.666092],[-117.899671,33.666092],[-117.899714,33.666093],[-117.899729,33.666093],[-117.899777,33.666094],[-117.899795,33.666094],[-117.899814,33.666095],[-117.899857,33.666095],[-117.899871,33.666095],[-117.899919,33.666094],[-117.899937,33.666094],[-117.899956,33.666093],[-117.899998,33.66609],[-117.900012,33.666089],[-117.900057,33.666086],[-117.900075,33.666086],[-117.900093,33.666085],[-117.900135,33.666083],[-117.900153,33.666083],[-117.90017,33.666082],[-117.90021,33.666082],[-117.900224,33.666081],[-117.900269,33.666081],[-117.900288,33.66608],[-117.900306,33.66608],[-117.900344,33.666079],[-117.900355,33.666078],[-117.900376,33.666078],[-117.900396,33.666077],[-117.900396,33.666077]]}}]}